-- phpMyAdmin SQL Dump
-- version 5.2.3
-- https://www.phpmyadmin.net/
--
-- Host: 127.0.0.1:3306
-- Generation Time: May 15, 2026 at 08:56 AM
-- Server version: 8.4.7
-- PHP Version: 8.3.28

SET SQL_MODE = "NO_AUTO_VALUE_ON_ZERO";
START TRANSACTION;
SET time_zone = "+00:00";


/*!40101 SET @OLD_CHARACTER_SET_CLIENT=@@CHARACTER_SET_CLIENT */;
/*!40101 SET @OLD_CHARACTER_SET_RESULTS=@@CHARACTER_SET_RESULTS */;
/*!40101 SET @OLD_COLLATION_CONNECTION=@@COLLATION_CONNECTION */;
/*!40101 SET NAMES utf8mb4 */;

--
-- Database: `perman_heursupp`
--

-- --------------------------------------------------------

--
-- Table structure for table `departments`
--

DROP TABLE IF EXISTS `departments`;
CREATE TABLE IF NOT EXISTS `departments` (
  `id` varchar(50) CHARACTER SET utf8mb4 COLLATE utf8mb4_unicode_ci NOT NULL,
  `name` varchar(255) CHARACTER SET utf8mb4 COLLATE utf8mb4_unicode_ci NOT NULL,
  `description` text CHARACTER SET utf8mb4 COLLATE utf8mb4_unicode_ci,
  `created_at` bigint NOT NULL,
  PRIMARY KEY (`id`)
) ENGINE=InnoDB DEFAULT CHARSET=utf8mb4 COLLATE=utf8mb4_unicode_ci;

--
-- Dumping data for table `departments`
--

INSERT INTO `departments` (`id`, `name`, `description`, `created_at`) VALUES
('dept38ra8f9tmoty76yo', 'كتابة النيابة العامة بمحكمة الاستئناف بمكناس', '', 1778065347840),
('dept591kyi72moty77pj', 'كتابة الضبط بالمحكمة الابتدائية بأزرو', '', 1778065348807),
('dept6tlvfbawmoty77up', 'المديرية الإقليمية للعدل بمكناس', '', 1778065348993),
('dept8it63z0fmoty77s4', 'كتابة النيابة العامة بالمحكمة الابتدائية بأزرو', '', 1778065348900),
('deptjvm7xfj7moty778t', 'كتابة النيابة العامة بالمحكمة الابتدائية بمكناس', '', 1778065348205),
('deptngvyg4p3moty775m', 'كتابة الضبط بالمحكمة الابتدائية بمكناس', '', 1778065348090),
('deptrxxs0lxemoty77kb', 'كتابة النيابة العامة بالمحكمة الابتدائية بالحاجب', '', 1778065348619),
('deptuzltutx4moty77ha', 'كتابة الضبط بالمحكمة الابتدائية بالحاجب', '', 1778065348510),
('deptyj4hrpd4moty76jr', 'كتابة الضبط بمحكمة الاستئناف بمكناس', '', 1778065347303);

-- --------------------------------------------------------

--
-- Table structure for table `employees`
--

DROP TABLE IF EXISTS `employees`;
CREATE TABLE IF NOT EXISTS `employees` (
  `id` varchar(50) CHARACTER SET utf8mb4 COLLATE utf8mb4_unicode_ci NOT NULL,
  `full_name` varchar(255) CHARACTER SET utf8mb4 COLLATE utf8mb4_unicode_ci NOT NULL,
  `position` varchar(255) CHARACTER SET utf8mb4 COLLATE utf8mb4_unicode_ci DEFAULT NULL,
  `department_id` varchar(50) CHARACTER SET utf8mb4 COLLATE utf8mb4_unicode_ci NOT NULL,
  `created_at` bigint NOT NULL,
  PRIMARY KEY (`id`),
  KEY `department_id` (`department_id`)
) ENGINE=InnoDB DEFAULT CHARSET=utf8mb4 COLLATE=utf8mb4_unicode_ci;

--
-- Dumping data for table `employees`
--

INSERT INTO `employees` (`id`, `full_name`, `position`, `department_id`, `created_at`) VALUES
('0', 'فاطمة العطاري', 'منتدب قضائي من الدرجة الثانية', 'deptyj4hrpd4moty76jr', 1778338197958),
('1000083', 'سعيد اباضة', 'منتدب قضائي من الدرجة الأولى', 'deptjvm7xfj7moty778t', 1778230162283),
('1000811', 'سلوى بنور', 'كاتب الضبط من الدرجة الثالثة', 'deptjvm7xfj7moty778t', 1778230162286),
('1001407', 'فا طمة سراجي', 'كاتب الضبط من الدرجة الثانية', 'dept38ra8f9tmoty76yo', 1778230162286),
('1054666', 'محمد المصبا حي', 'كاتب الضبط من الدرجة الثالثة', 'deptngvyg4p3moty775m', 1778230162286),
('1054672', 'حكيمة حور', 'كاتب الضبط من الدرجة الثالثة', 'deptngvyg4p3moty775m', 1778230162286),
('1054729', 'نعيمة صا لحي', 'محرر قضائي من الدرجة الثانية', 'deptjvm7xfj7moty778t', 1778230162285),
('1054736', 'حميد الشهبي', 'منتدب قضائي من الدرجة الأولى', 'deptngvyg4p3moty775m', 1778230162284),
('1054740', 'أ مين سعيد', 'منتدب قضائي من الدرجة الثالثة', 'deptyj4hrpd4moty76jr', 1778230162284),
('1054753', 'عا ئشة القا سمي', 'منتدب قضائي من الدرجة الأولى', 'deptyj4hrpd4moty76jr', 1778230162284),
('1054833', 'عبدالله الابراهيمي', 'كاتب الضبط من الدرجة الثانية', 'deptyj4hrpd4moty76jr', 1778230162286),
('1054886', 'محمد الداودي', 'كاتب الضبط من الدرجة الثالثة', 'deptuzltutx4moty77ha', 1778230162286),
('1054912', 'بشرى تجاري', 'منتدب قضائي من الدرجة الأولى', 'deptngvyg4p3moty775m', 1778230162283),
('1054914', 'ليلى اجدير', 'كاتب الضبط من الدرجة الثانية', 'dept38ra8f9tmoty76yo', 1778230162286),
('1054992', 'ءامنة الزروالي', 'كاتب الضبط من الدرجة الثالثة', 'dept6tlvfbawmoty77up', 1778230162286),
('1055007', 'زينب بوحداوي', 'كاتب الضبط من الدرجة الثالثة', 'dept6tlvfbawmoty77up', 1778230162286),
('1055044', 'الدغوغية الحبال', 'كاتب الضبط من الدرجة الثالثة', 'dept6tlvfbawmoty77up', 1778230162286),
('1055064', 'عبد العزيز عماري', 'منتدب قضائي من الدرجة الممتازة', 'deptngvyg4p3moty775m', 1778230162284),
('1055079', 'لحسن مطانض', 'منتدب قضائي من الدرجة الممتازة', 'deptngvyg4p3moty775m', 1778230162284),
('1055095', 'ادريس لعيشي', 'منتدب قضائي من الدرجة الممتازة', 'deptngvyg4p3moty775m', 1778230162284),
('1055161', 'يا منة معروفي', 'منتدب قضائي من الدرجة الثانية', 'dept6tlvfbawmoty77up', 1778230162286),
('1055168', 'احمد عزيز', 'منتدب قضائي من الدرجة الأولى', 'deptyj4hrpd4moty76jr', 1778230162283),
('1055199', 'عبد القا در راشدي', 'محرر قضائي من الدرجة الثانية', 'deptngvyg4p3moty775m', 1778230162285),
('1055217', 'جواد الزراري', 'منتدب قضائي من الدرجة الأولى', 'deptngvyg4p3moty775m', 1778230162283),
('1142753', 'سعاد ولعنزي', 'محرر قضائي من الدرجة الثانية', 'dept38ra8f9tmoty76yo', 1778230162285),
('1142754', 'مونية طولوع', 'كاتب الضبط من الدرجة الثالثة', 'deptngvyg4p3moty775m', 1778230162286),
('1142755', 'ايمان بناني', 'كاتب الضبط من الدرجة الثالثة', 'deptjvm7xfj7moty778t', 1778230162286),
('1142756', 'عبد الرحمن لعديري', 'منتدب قضائي من الدرجة الأولى', 'deptngvyg4p3moty775m', 1778230162283),
('1168808', 'بنعيسى الراضي', 'محرر قضائي من الدرجة الثانية', 'dept6tlvfbawmoty77up', 1778230162285),
('1168976', 'أحمد بوجلابي', 'كاتب الضبط من الدرجة الثالثة', 'deptjvm7xfj7moty778t', 1778230162286),
('1168982', 'يوسف الشافعي', 'منتدب قضائي من الدرجة الممتازة', 'dept38ra8f9tmoty76yo', 1778230162283),
('1168983', 'عبد الصمد القرشي', 'منتدب قضائي من الدرجة الأولى', 'deptjvm7xfj7moty778t', 1778230162283),
('1169016', 'حفيظة بورمضان', 'كاتب الضبط من الدرجة الثالثة', 'deptjvm7xfj7moty778t', 1778230162286),
('1169182', 'خدوج بنكيري', 'منتدب قضائي من الدرجة الأولى', 'deptngvyg4p3moty775m', 1778230162283),
('1169307', 'مليكة حمدوش', 'كاتب الضبط من الدرجة الممتازة', 'deptuzltutx4moty77ha', 1778230162286),
('1169311', 'حسان أعدو', 'كاتب الضبط من الدرجة الثالثة', 'dept8it63z0fmoty77s4', 1778230162286),
('1169325', 'نورالدين قواش', 'محرر قضائي من الدرجة الثالثة', 'deptrxxs0lxemoty77kb', 1778230162286),
('1169380', 'هشام اشويخ', 'منتدب قضائي من الدرجة الثانية', 'deptuzltutx4moty77ha', 1778230162283),
('1169381', 'إدريس ابراح', 'منتدب قضائي من الدرجة الثانية', 'deptrxxs0lxemoty77kb', 1778230162283),
('1169383', 'مريم الأمراني', 'كاتب الضبط من الدرجة الأولى', 'deptjvm7xfj7moty778t', 1778230162286),
('1169459', 'عبد القادر لعريبي', 'محرر قضائي من الدرجة الثالثة', 'dept591kyi72moty77pj', 1778230162286),
('1169501', 'علي قسوا', 'منتدب قضائي من الدرجة الأولى', 'dept591kyi72moty77pj', 1778230162283),
('1169515', 'المصطفى جبور', 'مهندس رئيس من الدرجة الأولى', 'deptngvyg4p3moty775m', 1778230162286),
('1169516', 'هشام الصوابري', 'محرر قضائي من الدرجة الثانية', 'deptyj4hrpd4moty76jr', 1778230162285),
('1169517', 'حبيبة الادريسي', 'محرر قضائي من الدرجة الثانية', 'deptngvyg4p3moty775m', 1778230162285),
('1169644', 'سعيدة حربل', 'محرر قضائي من الدرجة الأولى', 'dept591kyi72moty77pj', 1778230162285),
('1169646', 'بوشرة الميس', 'محرر قضائي من الدرجة الثانية', 'deptngvyg4p3moty775m', 1778230162285),
('1169647', 'إلهام سيبوي', 'محرر قضائي من الدرجة الثانية', 'deptjvm7xfj7moty778t', 1778230162285),
('1169648', 'بشرى فلاتي', 'محرر قضائي من الدرجة الثانية', 'deptngvyg4p3moty775m', 1778230162285),
('1169651', 'عبد اللطيف السعودي', 'محرر قضائي من الدرجة الثانية', 'dept6tlvfbawmoty77up', 1778230162285),
('1169652', 'لطيفة العراد', 'محرر قضائي من الدرجة الثانية', 'deptngvyg4p3moty775m', 1778230162285),
('1169746', 'جميلة اللحياني', 'محرر قضائي من الدرجة الثانية', 'deptyj4hrpd4moty76jr', 1778230162285),
('1169747', 'فاطمة الوريني', 'محرر قضائي من الدرجة الثانية', 'dept591kyi72moty77pj', 1778230162285),
('1169792', 'محمد فوزي بوشيحة', 'منتدب قضائي من الدرجة الممتازة', 'deptyj4hrpd4moty76jr', 1778230162284),
('1169799', 'كمال بالمحجوب', 'منتدب قضائي من الدرجة الممتازة', 'deptngvyg4p3moty775m', 1778230162284),
('1169800', 'محمد بن أفراعي', 'منتدب قضائي من الدرجة الممتازة', 'deptngvyg4p3moty775m', 1778230162284),
('1185570', 'ازهور فرج', 'محرر قضائي من الدرجة الثالثة', 'deptngvyg4p3moty775m', 1778230162286),
('1207335', 'عادل احسايني', 'منتدب قضائي من الدرجة الثانية', 'deptuzltutx4moty77ha', 1778230162283),
('1229730', 'محمد الغازي', 'منتدب قضائي من الدرجة الممتازة', 'deptuzltutx4moty77ha', 1778230162284),
('1229782', 'عبد العزيز المرزوقي', 'كاتب الضبط من الدرجة الثالثة', 'dept6tlvfbawmoty77up', 1778230162286),
('1229783', 'عبد الواحد بلحاج', 'كاتب الضبط من الدرجة الثالثة', 'deptngvyg4p3moty775m', 1778230162286),
('1229805', 'عثماني توفيق', 'منتدب قضائي من الدرجة الممتازة', 'dept6tlvfbawmoty77up', 1778230162284),
('1229812', 'حاتم رايس', 'كاتب الضبط من الدرجة الثالثة', 'dept6tlvfbawmoty77up', 1778230162286),
('1230045', 'عبد الله بنيز', 'منتدب قضائي من الدرجة الثانية', 'deptngvyg4p3moty775m', 1778230162283),
('1230055', 'حسن بريان', 'منتدب قضائي من الدرجة الأولى', 'deptngvyg4p3moty775m', 1778230162283),
('1230057', 'محمد صيور', 'منتدب قضائي من الدرجة الأولى', 'deptyj4hrpd4moty76jr', 1778230162283),
('1230141', 'لحسن بنلحروكي', 'منتدب قضائي من الدرجة الثانية', 'deptngvyg4p3moty775m', 1778230162286),
('1230144', 'رشيد بخراز', 'منتدب قضائي من الدرجة الأولى', 'deptyj4hrpd4moty76jr', 1778230162283),
('1230145', 'هشام اعبوب', 'منتدب قضائي من الدرجة الأولى', 'deptngvyg4p3moty775m', 1778230162283),
('1230148', 'سمير فهوم', 'منتدب قضائي من الدرجة الأولى', 'deptngvyg4p3moty775m', 1778230162283),
('1230152', 'جواد وارش', 'منتدب قضائي من الدرجة الثانية', 'deptyj4hrpd4moty76jr', 1778230162283),
('1230155', 'جميلة الشاوي', 'منتدب قضائي من الدرجة الأولى', 'deptngvyg4p3moty775m', 1778230162283),
('1230200', 'هشام بوستة', 'منتدب قضائي من الدرجة الأولى', 'deptyj4hrpd4moty76jr', 1778230162283),
('1230206', 'إدريس حليم', 'كاتب الضبط من الدرجة الثانية', 'dept6tlvfbawmoty77up', 1778230162286),
('1230207', 'الملياني الخدير', 'كاتب الضبط من الدرجة الثالثة', 'dept6tlvfbawmoty77up', 1778230162286),
('1230242', 'المفضل غيواني', 'منتدب قضائي من الدرجة الأولى', 'deptngvyg4p3moty775m', 1778230162283),
('1230251', 'احمد موجب', 'منتدب قضائي من الدرجة الأولى', 'deptngvyg4p3moty775m', 1778230162283),
('1230464', 'بشرى غنام', 'منتدب قضائي من الدرجة الممتازة', 'dept6tlvfbawmoty77up', 1778230162284),
('1230538', 'هشام مصري', 'منتدب قضائي من الدرجة الثانية', 'deptngvyg4p3moty775m', 1778230162284),
('1230540', 'صالح حينا', 'محرر قضائي من الدرجة الثانية', 'deptngvyg4p3moty775m', 1778230162285),
('1230542', 'شكري الملواني', 'منتدب قضائي من الدرجة الأولى', 'deptyj4hrpd4moty76jr', 1778230162283),
('1230543', 'موراد غطاس', 'محرر قضائي من الدرجة الثالثة', 'dept591kyi72moty77pj', 1778230162286),
('1230555', 'محسين مداني', 'محرر قضائي من الدرجة الثانية', 'deptngvyg4p3moty775m', 1778230162285),
('1230557', 'فاطمة زجلي', 'منتدب قضائي من الدرجة الثانية', 'deptngvyg4p3moty775m', 1778230162284),
('1230567', 'رشيد جميل', 'محرر قضائي من الدرجة الممتازة', 'deptngvyg4p3moty775m', 1778230162286),
('1230573', 'عبد العالي حجاجي', 'محرر قضائي من الدرجة الممتازة', 'dept6tlvfbawmoty77up', 1778230162286),
('1230626', 'حياة لوغوي', 'محرر قضائي من الدرجة الأولى', 'deptngvyg4p3moty775m', 1778230162285),
('1272287', 'كريم اليزيوي', 'منتدب قضائي من الدرجة الثانية', 'deptjvm7xfj7moty778t', 1778230162283),
('1272288', 'لطيفة الواحدي', 'محرر قضائي من الدرجة الأولى', 'deptngvyg4p3moty775m', 1778230162286),
('1272289', 'ليلى الحضري', 'محرر قضائي من الدرجة الثانية', 'deptuzltutx4moty77ha', 1778230162285),
('1272308', 'محمد والياس', 'منتدب قضائي من الدرجة الأولى', 'dept38ra8f9tmoty76yo', 1778230162284),
('1272317', 'منير النجار', 'منتدب قضائي من الدرجة الممتازة', 'dept6tlvfbawmoty77up', 1778230162284),
('1272378', 'محمد بويحياوي', 'منتدب قضائي من الدرجة الأولى', 'deptngvyg4p3moty775m', 1778230162283),
('1272434', 'جميلة المغراوي', 'منتدب قضائي من الدرجة الأولى', 'deptngvyg4p3moty775m', 1778230162283),
('1272507', 'محمد فضيلي', 'منتدب قضائي من الدرجة الممتازة', 'dept6tlvfbawmoty77up', 1778230162283),
('1272513', 'ايمان طوالب', 'منتدب قضائي من الدرجة الممتازة', 'deptngvyg4p3moty775m', 1778230162283),
('1272548', 'منصور أوراغ', 'منتدب قضائي من الدرجة الممتازة', 'deptngvyg4p3moty775m', 1778230162284),
('1272551', 'نعيمة بوشمامة', 'منتدب قضائي من الدرجة الممتازة', 'deptngvyg4p3moty775m', 1778230162284),
('1272608', 'رشيد مجبار', 'منتدب قضائي من الدرجة الممتازة', 'dept6tlvfbawmoty77up', 1778230162283),
('1272644', 'رقية لعوان', 'منتدب قضائي من الدرجة الممتازة', 'dept6tlvfbawmoty77up', 1778230162284),
('1272671', 'عبد الإله البوزيدي', 'محرر قضائي من الدرجة الثالثة', 'deptjvm7xfj7moty778t', 1778230162286),
('1272824', 'عبد الرحيم الفيغة', 'محرر قضائي من الدرجة الثانية', 'dept591kyi72moty77pj', 1778230162285),
('1272825', 'مليكة ماكاني', 'محرر قضائي من الدرجة الثانية', 'deptyj4hrpd4moty76jr', 1778230162285),
('1272864', 'السعدية مختاري', 'منتدب قضائي من الدرجة الثانية', 'dept8it63z0fmoty77s4', 1778230162284),
('1272865', 'وئام العلمي بن حليمة', 'محرر قضائي من الدرجة الثانية', 'deptngvyg4p3moty775m', 1778230162285),
('1272866', 'عمر فائق', 'منتدب قضائي من الدرجة الأولى', 'dept6tlvfbawmoty77up', 1778230162284),
('1272867', 'نجاة الجامعي', 'محرر قضائي من الدرجة الثانية', 'dept6tlvfbawmoty77up', 1778230162285),
('1272941', 'نادية أشهوفي', 'محرر قضائي من الدرجة الثالثة', 'deptuzltutx4moty77ha', 1778230162286),
('1272963', 'كريمة خالدي', 'محرر قضائي من الدرجة الثالثة', 'deptjvm7xfj7moty778t', 1778230162286),
('1272971', 'يوسف أرشون', 'منتدب قضائي من الدرجة الثانية', 'deptjvm7xfj7moty778t', 1778230162283),
('1272972', 'خديجة بلبكري العلوي', 'محرر قضائي من الدرجة الثالثة', 'dept8it63z0fmoty77s4', 1778230162286),
('1272973', 'ليلى معمور', 'محرر قضائي من الدرجة الثالثة', 'deptyj4hrpd4moty76jr', 1778230162286),
('1272975', 'بشرى الحمري', 'محرر قضائي من الدرجة الثالثة', 'deptjvm7xfj7moty778t', 1778230162286),
('1272978', 'نجية حزيم', 'محرر قضائي من الدرجة الثالثة', 'deptngvyg4p3moty775m', 1778230162286),
('1272995', 'عبد الله قرى', 'محرر قضائي من الدرجة الثانية', 'dept6tlvfbawmoty77up', 1778230162285),
('1273015', 'إكرام التزاني', 'منتدب قضائي من الدرجة الأولى', 'dept38ra8f9tmoty76yo', 1778230162284),
('1273055', 'فؤاد لمبرع', 'محرر قضائي من الدرجة الثانية', 'deptngvyg4p3moty775m', 1778230162285),
('1273100', 'يوسف العزاوي', 'محرر قضائي من الدرجة الممتازة', 'dept6tlvfbawmoty77up', 1778230162286),
('1273101', 'عتيقة حسينات', 'محرر قضائي من الدرجة الأولى', 'dept38ra8f9tmoty76yo', 1778230162286),
('1273102', 'فاطمة الزهراء كيفاني', 'محرر قضائي من الدرجة الأولى', 'deptjvm7xfj7moty778t', 1778230162286),
('1273103', 'عادل العماري', 'منتدب قضائي من الدرجة الأولى', 'deptngvyg4p3moty775m', 1778230162284),
('1273104', 'سعيد بوصاك', 'محرر قضائي من الدرجة الثانية', 'deptngvyg4p3moty775m', 1778230162285),
('1273105', 'حنان نما', 'منتدب قضائي من الدرجة الثانية', 'dept38ra8f9tmoty76yo', 1778230162283),
('1273130', 'غنية مرابط', 'منتدب قضائي من الدرجة الأولى', 'deptyj4hrpd4moty76jr', 1778230162283),
('1273135', 'نادية اسبيك', 'منتدب قضائي من الدرجة الأولى', 'deptngvyg4p3moty775m', 1778230162283),
('1273227', 'محمد رياض', 'منتدب قضائي من الدرجة الثالثة', 'deptngvyg4p3moty775m', 1778230162284),
('1273259', 'مولاي المصطفى صوصي', 'منتدب قضائي من الدرجة الممتازة', 'deptjvm7xfj7moty778t', 1778230162284),
('1375329', 'هشام الحساني', 'منتدب قضائي من الدرجة الممتازة', 'dept38ra8f9tmoty76yo', 1778230162284),
('1375360', 'هند السراجي', 'منتدب قضائي من الدرجة الممتازة', 'deptyj4hrpd4moty76jr', 1778230162284),
('1375392', 'عبد الجبار العكيدي', 'منتدب قضائي من الدرجة الثانية', 'dept6tlvfbawmoty77up', 1778230162283),
('1375493', 'ربيع بوردي', 'محرر قضائي من الدرجة الأولى', 'dept6tlvfbawmoty77up', 1778230162285),
('1375495', 'سعيد الهواري', 'منتدب قضائي من الدرجة الثالثة', 'dept591kyi72moty77pj', 1778230162284),
('1375496', 'ربيعة خسواني', 'منتدب قضائي من الدرجة الثالثة', 'dept38ra8f9tmoty76yo', 1778230162284),
('1375499', 'محمد زماوي', 'محرر قضائي من الدرجة الثانية', 'dept591kyi72moty77pj', 1778230162285),
('1375500', 'خديجة أيتحمو', 'منتدب قضائي من الدرجة الثالثة', 'dept8it63z0fmoty77s4', 1778230162284),
('1375501', 'نعيمة فهمي', 'محرر قضائي من الدرجة الثانية', 'deptngvyg4p3moty775m', 1778230162285),
('1375504', 'محمد لمراوي', 'محرر قضائي من الدرجة الثانية', 'dept6tlvfbawmoty77up', 1778230162285),
('1375505', 'اكرام يعقوبي', 'منتدب قضائي من الدرجة الأولى', 'deptyj4hrpd4moty76jr', 1778230162283),
('1375506', 'منير تعباني', 'محرر قضائي من الدرجة الأولى', 'dept6tlvfbawmoty77up', 1778230162286),
('1375509', 'احمد الطالبي', 'مهندس رئيس من الدرجة الأولى', 'dept591kyi72moty77pj', 1778230162286),
('1375604', 'ليلى المومن', 'محرر قضائي من الدرجة الأولى', 'deptngvyg4p3moty775m', 1778230162285),
('1375606', 'ربيع مرزوقي', 'محرر قضائي من الدرجة الثانية', 'dept6tlvfbawmoty77up', 1778230162285),
('1375609', 'المصطفى بنعياد', 'منتدب قضائي من الدرجة الأولى', 'deptngvyg4p3moty775m', 1778230162284),
('1375610', 'هدى المودني', 'منتدب قضائي من الدرجة الأولى', 'deptyj4hrpd4moty76jr', 1778230162284),
('1375614', 'ابتسام بطاس', 'محرر قضائي من الدرجة الثانية', 'deptngvyg4p3moty775m', 1778230162285),
('1375678', 'عائشة رحوب', 'منتدب قضائي من الدرجة الثانية', 'dept591kyi72moty77pj', 1778230162283),
('1375702', 'فاطمة العطاري', 'منتدب قضائي من الدرجة الثانية', 'deptyj4hrpd4moty76jr', 1778230162284),
('1375784', 'خديجة بودرهم', 'منتدب قضائي من الدرجة الأولى', 'deptngvyg4p3moty775m', 1778230162283),
('1375842', 'حكيم الفرجاني', 'منتدب قضائي من الدرجة الأولى', 'deptyj4hrpd4moty76jr', 1778230162283),
('1375843', 'محمد البشيري', 'منتدب قضائي من الدرجة الأولى', 'dept38ra8f9tmoty76yo', 1778230162283),
('1375844', 'خالد كبوش', 'منتدب قضائي من الدرجة الثانية', 'deptngvyg4p3moty775m', 1778230162283),
('1375845', 'عزيز القرياني', 'منتدب قضائي من الدرجة الثانية', 'deptjvm7xfj7moty778t', 1778230162283),
('1375851', 'سعيد صادقي', 'منتدب قضائي من الدرجة الأولى', 'deptngvyg4p3moty775m', 1778230162283),
('1375853', 'عبد الكريم يعني', 'منتدب قضائي من الدرجة الأولى', 'deptngvyg4p3moty775m', 1778230162283),
('1375856', 'رشيد الكسعي', 'منتدب قضائي من الدرجة الأولى', 'deptjvm7xfj7moty778t', 1778230162283),
('1376123', 'لطيفة بوحداشي', 'منتدب قضائي من الدرجة الثانية', 'dept591kyi72moty77pj', 1778230162283),
('1376226', 'محمد حمدي', 'منتدب قضائي من الدرجة الأولى', 'deptngvyg4p3moty775m', 1778230162283),
('1376227', 'منير الغيداني', 'منتدب قضائي من الدرجة الأولى', 'deptyj4hrpd4moty76jr', 1778230162283),
('1376228', 'نبيهة سعيدي', 'منتدب قضائي من الدرجة الأولى', 'deptyj4hrpd4moty76jr', 1778230162283),
('1376230', 'مروان الفوكاني', 'منتدب قضائي من الدرجة الأولى', 'dept8it63z0fmoty77s4', 1778230162283),
('1376235', 'ابراهيم حزيم', 'منتدب قضائي من الدرجة الأولى', 'deptyj4hrpd4moty76jr', 1778230162283),
('1376238', 'حسناء فريالي', 'منتدب قضائي من الدرجة الأولى', 'deptngvyg4p3moty775m', 1778230162283),
('1462114', 'إسماعيل وحيد', 'منتدب قضائي من الدرجة الثالثة', 'deptrxxs0lxemoty77kb', 1778230162283),
('1513524', 'ياسين بوليقة', 'منتدب قضائي من الدرجة الأولى', 'deptngvyg4p3moty775m', 1778230162283),
('1513583', 'يونس عبد الخالق', 'محرر قضائي من الدرجة الثانية', 'deptuzltutx4moty77ha', 1778230162285),
('1513584', 'فوزية عدوز', 'محرر قضائي من الدرجة الثانية', 'deptngvyg4p3moty775m', 1778230162285),
('1513589', 'جمال لزعر', 'محرر قضائي من الدرجة الثالثة', 'deptngvyg4p3moty775m', 1778230162286),
('1513597', 'شعيب مزال', 'منتدب قضائي من الدرجة الثانية', 'deptjvm7xfj7moty778t', 1778230162284),
('1513621', 'خديجة زعيرة', 'منتدب قضائي من الدرجة الثانية', 'deptngvyg4p3moty775m', 1778230162284),
('1513637', 'عماد السعيدي', 'محرر قضائي من الدرجة الثالثة', 'dept591kyi72moty77pj', 1778230162286),
('1513654', 'حميد عطوف', 'منتدب قضائي من الدرجة الثانية', 'deptngvyg4p3moty775m', 1778230162283),
('1513663', 'ليلى عنوس', 'محرر قضائي من الدرجة الثانية', 'dept591kyi72moty77pj', 1778230162285),
('1513690', 'كريمة الادريسي المرابطي', 'منتدب قضائي من الدرجة الثالثة', 'dept591kyi72moty77pj', 1778230162284),
('1513710', 'تورية الصعابطي', 'منتدب قضائي من الدرجة الثانية', 'deptngvyg4p3moty775m', 1778230162284),
('1513723', 'هند المزوري', 'منتدب قضائي من الدرجة الأولى', 'deptyj4hrpd4moty76jr', 1778230162283),
('1513764', 'حمزاء مزار', 'محرر قضائي من الدرجة الأولى', 'dept38ra8f9tmoty76yo', 1778230162285),
('1513772', 'فاطمة الزهراء شريف', 'منتدب قضائي من الدرجة الثانية', 'deptyj4hrpd4moty76jr', 1778230162284),
('1513775', 'رقية أشياخ', 'منتدب قضائي من الدرجة الثانية', 'deptngvyg4p3moty775m', 1778230162284),
('1513801', 'خديجة بولحنوض', 'منتدب قضائي من الدرجة الثانية', 'deptngvyg4p3moty775m', 1778230162284),
('1513804', 'محمد عزيزي احمد', 'محرر قضائي من الدرجة الثانية', 'deptyj4hrpd4moty76jr', 1778230162285),
('1513821', 'هشام زروقي', 'محرر قضائي من الدرجة الأولى', 'deptrxxs0lxemoty77kb', 1778230162286),
('1513967', 'عبد الرحمان عربان', 'منتدب قضائي من الدرجة الأولى', 'deptyj4hrpd4moty76jr', 1778230162286),
('1514172', 'كريم هراد', 'منتدب قضائي من الدرجة الثانية', 'deptngvyg4p3moty775m', 1778230162284),
('1514175', 'زينب بن قيدة', 'محرر قضائي من الدرجة الثالثة', 'deptyj4hrpd4moty76jr', 1778230162286),
('1514176', 'خديجة عماري', 'محرر قضائي من الدرجة الثالثة', 'deptyj4hrpd4moty76jr', 1778230162286),
('1514177', 'نعيمة لفروني', 'منتدب قضائي من الدرجة الثانية', 'deptyj4hrpd4moty76jr', 1778230162284),
('1514180', 'رقية الحسني', 'منتدب قضائي من الدرجة الثانية', 'dept591kyi72moty77pj', 1778230162283),
('1514187', 'بوشرة عناية', 'منتدب قضائي من الدرجة الثانية', 'deptngvyg4p3moty775m', 1778230162283),
('1514188', 'خالد وخيام', 'منتدب قضائي من الدرجة الثالثة', 'deptjvm7xfj7moty778t', 1778230162284),
('1514191', 'حدهم هشمي', 'محرر قضائي من الدرجة الثالثة', 'dept591kyi72moty77pj', 1778230162286),
('1514194', 'غزلان بوغرف', 'منتدب قضائي من الدرجة الثالثة', 'dept591kyi72moty77pj', 1778230162284),
('1514197', 'حنان لخميسي', 'منتدب قضائي من الدرجة الثالثة', 'deptyj4hrpd4moty76jr', 1778230162284),
('1514198', 'هشام فريسي', 'منتدب قضائي من الدرجة الثالثة', 'deptngvyg4p3moty775m', 1778230162284),
('1514199', 'فاطمة وحود', 'منتدب قضائي من الدرجة الثالثة', 'dept8it63z0fmoty77s4', 1778230162284),
('1514202', 'فاطمة الزهراء قسولي', 'محرر قضائي من الدرجة الثالثة', 'deptuzltutx4moty77ha', 1778230162286),
('1514203', 'أسماء مسرور', 'محرر قضائي من الدرجة الثالثة', 'dept38ra8f9tmoty76yo', 1778230162286),
('1514204', 'المصطفى الرزيني', 'منتدب قضائي من الدرجة الثانية', 'deptngvyg4p3moty775m', 1778230162284),
('1514207', 'للاحسناء لمراني', 'منتدب قضائي من الدرجة الثالثة', 'dept8it63z0fmoty77s4', 1778230162284),
('1514228', 'نعيمة بوشدور', 'محرر قضائي من الدرجة الثالثة', 'deptuzltutx4moty77ha', 1778230162286),
('1514230', 'نور الدين اودادا', 'منتدب قضائي من الدرجة الثالثة', 'deptjvm7xfj7moty778t', 1778230162284),
('1514362', 'سمية حريش', 'محرر قضائي من الدرجة الثالثة', 'dept38ra8f9tmoty76yo', 1778230162286),
('1514372', 'منى أيت يحيي', 'منتدب قضائي من الدرجة الثانية', 'dept38ra8f9tmoty76yo', 1778230162284),
('1514396', 'كنزة ايت الخضير', 'محرر قضائي من الدرجة الثانية', 'deptngvyg4p3moty775m', 1778230162285),
('1514459', 'حنان زهيري', 'محرر قضائي من الدرجة الثانية', 'dept38ra8f9tmoty76yo', 1778230162285),
('1514470', 'حنان الشرفي', 'محرر قضائي من الدرجة الأولى', 'dept38ra8f9tmoty76yo', 1778230162286),
('1514478', 'ليلى أوهبوش', 'منتدب قضائي من الدرجة الأولى', 'dept38ra8f9tmoty76yo', 1778230162284),
('1519078', 'فاطمة الزهراء العلوي', 'مراقب مربي ممتاز', 'deptyj4hrpd4moty76jr', 1778230162286),
('1523114', 'هشام شاطر', 'منتدب قضائي من الدرجة الثانية', 'deptngvyg4p3moty775m', 1778230162284),
('1553254', 'جميلة شاهين', 'محرر قضائي من الدرجة الثانية', 'deptyj4hrpd4moty76jr', 1778230162285),
('1553276', 'صفاء الناو', 'محرر قضائي من الدرجة الثانية', 'deptngvyg4p3moty775m', 1778230162285),
('1553278', 'سعاد اشكيرن', 'محرر قضائي من الدرجة الأولى', 'deptngvyg4p3moty775m', 1778230162286),
('1553280', 'رجاء بلحاج', 'منتدب قضائي من الدرجة الثالثة', 'deptngvyg4p3moty775m', 1778230162284),
('1553281', 'أحلام الدهبي', 'محرر قضائي من الدرجة الثانية', 'dept6tlvfbawmoty77up', 1778230162285),
('1553283', 'سهام الحنافي', 'محرر قضائي من الدرجة الثانية', 'deptngvyg4p3moty775m', 1778230162286),
('1553331', 'لبنى بوشياه', 'منتدب قضائي من الدرجة الأولى', 'dept38ra8f9tmoty76yo', 1778230162283),
('1553333', 'سالم مهلوب', 'منتدب قضائي من الدرجة الأولى', 'deptngvyg4p3moty775m', 1778230162284),
('1553341', 'عبد العالي مريني', 'منتدب قضائي من الدرجة الأولى', 'deptjvm7xfj7moty778t', 1778230162284),
('1553342', 'عبد العزيز السراج', 'منتدب قضائي من الدرجة الأولى', 'deptyj4hrpd4moty76jr', 1778230162284),
('1553350', 'محسن الدريوش', 'منتدب قضائي من الدرجة الأولى', 'dept38ra8f9tmoty76yo', 1778230162284),
('1553360', 'نادية بوماعزا', 'منتدب قضائي من الدرجة الأولى', 'deptyj4hrpd4moty76jr', 1778230162284),
('1553362', 'نصيرة فضيلي', 'منتدب قضائي من الدرجة الأولى', 'deptngvyg4p3moty775m', 1778230162284),
('1553398', 'سليمان واحماد', 'منتدب قضائي من الدرجة الأولى', 'dept6tlvfbawmoty77up', 1778230162284),
('1553403', 'نادية أفدجيخ', 'منتدب قضائي من الدرجة الأولى', 'deptjvm7xfj7moty778t', 1778230162284),
('1553414', 'عبد الهادي حمداوي', 'مهندس رئيس من الدرجة الأولى', 'dept6tlvfbawmoty77up', 1778230162286),
('1553825', 'محمد الطوبال', 'منتدب قضائي من الدرجة الأولى', 'deptngvyg4p3moty775m', 1778230162283),
('1553851', 'خليفة علي أوعزى', 'منتدب قضائي من الدرجة الثانية', 'dept38ra8f9tmoty76yo', 1778230162283),
('1553873', 'امال الزموري', 'منتدب قضائي من الدرجة الثانية', 'dept38ra8f9tmoty76yo', 1778230162283),
('1553915', 'مصطفى فزازي', 'منتدب قضائي من الدرجة الأولى', 'deptyj4hrpd4moty76jr', 1778230162283),
('1553938', 'فوزية أزماط', 'منتدب قضائي من الدرجة الثانية', 'deptngvyg4p3moty775m', 1778230162283),
('1553953', 'لحسن أغشوي', 'منتدب قضائي من الدرجة الأولى', 'deptjvm7xfj7moty778t', 1778230162283),
('1553958', 'محمد قجيدع', 'منتدب قضائي من الدرجة الثانية', 'deptngvyg4p3moty775m', 1778230162283),
('1553996', 'بوشرى وهبي', 'منتدب قضائي من الدرجة الثانية', 'dept38ra8f9tmoty76yo', 1778230162283),
('1554224', 'عبد الكريم اسماعيلي علوي', 'منتدب قضائي من الدرجة الثانية', 'deptyj4hrpd4moty76jr', 1778230162283),
('1554233', 'صباح بنجديم', 'منتدب قضائي من الدرجة الأولى', 'dept591kyi72moty77pj', 1778230162284),
('1554256', 'لطيفة الخدادي', 'منتدب قضائي من الدرجة الثالثة', 'deptngvyg4p3moty775m', 1778230162284),
('1554320', 'سعاد عمراني', 'محرر قضائي من الدرجة الثالثة', 'dept591kyi72moty77pj', 1778230162286),
('1554337', 'رجاء حديدو', 'محرر قضائي من الدرجة الثالثة', 'dept8it63z0fmoty77s4', 1778230162286),
('1554341', 'ادريس عورة', 'منتدب قضائي من الدرجة الثالثة', 'dept6tlvfbawmoty77up', 1778230162283),
('1554350', 'عبد الصمد لقسيلي', 'محرر قضائي من الدرجة الثالثة', 'deptngvyg4p3moty775m', 1778230162286),
('1554354', 'أمين عبيد', 'محرر قضائي من الدرجة الثالثة', 'deptjvm7xfj7moty778t', 1778230162286),
('1554359', 'لمياء الحسنوني العلوي', 'محرر قضائي من الدرجة الثالثة', 'dept591kyi72moty77pj', 1778230162286),
('1554373', 'عبد الحق الشعيبي', 'منتدب قضائي من الدرجة الثانية', 'dept591kyi72moty77pj', 1778230162284),
('1554377', 'عبد الله الفريدي', 'منتدب قضائي من الدرجة الثالثة', 'deptyj4hrpd4moty76jr', 1778230162283),
('1554382', 'طه اعلولة', 'منتدب قضائي من الدرجة الثانية', 'deptngvyg4p3moty775m', 1778230162284),
('1554392', 'رضوان المالكي', 'منتدب قضائي من الدرجة الثانية', 'dept6tlvfbawmoty77up', 1778230162283),
('1554393', 'فطومة المصباحي', 'منتدب قضائي من الدرجة الثانية', 'deptyj4hrpd4moty76jr', 1778230162283),
('1554398', 'رشيدة حلومي', 'محرر قضائي من الدرجة الثالثة', 'deptngvyg4p3moty775m', 1778230162286),
('1554403', 'يوسف بنيزة', 'منتدب قضائي من الدرجة الثالثة', 'dept6tlvfbawmoty77up', 1778230162284),
('1554408', 'إكرام لحبيب', 'محرر قضائي من الدرجة الثانية', 'deptjvm7xfj7moty778t', 1778230162285),
('1554432', 'محمد ستيتو', 'محرر قضائي من الدرجة الثالثة', 'deptjvm7xfj7moty778t', 1778230162286),
('1554433', 'حفيظ التوغزاوي', 'منتدب قضائي من الدرجة الثالثة', 'dept8it63z0fmoty77s4', 1778230162284),
('1554444', 'جمال صوالحين', 'محرر قضائي من الدرجة الثالثة', 'deptngvyg4p3moty775m', 1778230162286),
('1554468', 'جمال الدياني', 'منتدب قضائي من الدرجة الثانية', 'deptngvyg4p3moty775m', 1778230162286),
('1554521', 'ابتسام الشمالي', 'منتدب قضائي من الدرجة الثالثة', 'deptyj4hrpd4moty76jr', 1778230162283),
('1554551', 'أحمد شرف', 'منتدب قضائي من الدرجة الثالثة', 'deptyj4hrpd4moty76jr', 1778230162283),
('1554560', 'يوسف محكاوي', 'محرر قضائي من الدرجة الثالثة', 'dept8it63z0fmoty77s4', 1778230162286),
('1554562', 'مريم مسري', 'منتدب قضائي من الدرجة الثالثة', 'deptjvm7xfj7moty778t', 1778230162284),
('1554577', 'ليلى البوزيدي', 'محرر قضائي من الدرجة الثانية', 'deptngvyg4p3moty775m', 1778230162285),
('1554578', 'سعيد خابا', 'منتدب قضائي من الدرجة الثالثة', 'dept8it63z0fmoty77s4', 1778230162284),
('1554582', 'اسماعيل نادير', 'منتدب قضائي من الدرجة الثالثة', 'dept8it63z0fmoty77s4', 1778230162284),
('1554593', 'عصام زنطار', 'منتدب قضائي من الدرجة الثانية', 'deptngvyg4p3moty775m', 1778230162286),
('1554615', 'هشام الربح', 'محرر قضائي من الدرجة الثالثة', 'deptjvm7xfj7moty778t', 1778230162286),
('1554642', 'نادية الجاي', 'منتدب قضائي من الدرجة الثانية', 'deptngvyg4p3moty775m', 1778230162284),
('1554767', 'سمير الشمال', 'منتدب قضائي من الدرجة الأولى', 'dept8it63z0fmoty77s4', 1778230162283),
('1554783', 'كريمة متوكل', 'منتدب قضائي من الدرجة الأولى', 'deptjvm7xfj7moty778t', 1778230162284),
('1554784', 'مراد الحسني', 'منتدب قضائي من الدرجة الأولى', 'dept38ra8f9tmoty76yo', 1778230162283),
('1554819', 'نادية يحي', 'منتدب قضائي من الدرجة الأولى', 'deptrxxs0lxemoty77kb', 1778275454350),
('1554827', 'عبد المالك ملوك', 'منتدب قضائي من الدرجة الأولى', 'deptjvm7xfj7moty778t', 1778230162284),
('1554837', 'جواد اومنشار', 'منتدب قضائي من الدرجة الأولى', 'dept6tlvfbawmoty77up', 1778230162283),
('1554841', 'نزهة بكانة', 'منتدب قضائي من الدرجة الأولى', 'deptyj4hrpd4moty76jr', 1778230162283),
('1554845', 'سميرة الخنوشي', 'منتدب قضائي من الدرجة الأولى', 'dept38ra8f9tmoty76yo', 1778230162283),
('1554900', 'أمينة برم', 'منتدب قضائي من الدرجة الثالثة', 'dept591kyi72moty77pj', 1778230162284),
('1554910', 'بشرى أخدداش', 'محرر قضائي من الدرجة الثالثة', 'dept38ra8f9tmoty76yo', 1778230162286),
('1554915', 'نادية خراف', 'منتدب قضائي من الدرجة الثالثة', 'deptyj4hrpd4moty76jr', 1778230162283),
('1554924', 'فاطمة الكيري', 'منتدب قضائي من الدرجة الثالثة', 'dept8it63z0fmoty77s4', 1778230162284),
('1554942', 'محمد ازباين', 'محرر قضائي من الدرجة الرابعة', 'deptuzltutx4moty77ha', 1778230162286),
('1554950', 'سعاد احديدان', 'محرر قضائي من الدرجة الثالثة', 'dept591kyi72moty77pj', 1778230162286),
('1554963', 'عبد الرحيم نحال', 'محرر قضائي من الدرجة الرابعة', 'dept6tlvfbawmoty77up', 1778230162286),
('1554981', 'سميرة النكيل', 'منتدب قضائي من الدرجة الثالثة', 'deptjvm7xfj7moty778t', 1778230162284),
('1554983', 'هشام العبد الرحمني', 'محرر قضائي من الدرجة الرابعة', 'deptjvm7xfj7moty778t', 1778230162286),
('1554984', 'فاطمة البوعامي', 'منتدب قضائي من الدرجة الثالثة', 'deptjvm7xfj7moty778t', 1778230162284),
('1554985', 'صالحة التولالي', 'محرر قضائي من الدرجة الثالثة', 'dept38ra8f9tmoty76yo', 1778230162286),
('1555059', 'عبد الله زامني', 'محرر قضائي من الدرجة الثالثة', 'deptuzltutx4moty77ha', 1778230162286),
('1555067', 'رشيدة الشلح', 'محرر قضائي من الدرجة الثالثة', 'dept8it63z0fmoty77s4', 1778230162286),
('1555083', 'لالة مريم بن الصديق', 'محرر قضائي من الدرجة الثالثة', 'dept8it63z0fmoty77s4', 1778230162286),
('1555102', 'لبنى العسري', 'منتدب قضائي من الدرجة الثالثة', 'dept38ra8f9tmoty76yo', 1778230162284),
('1555109', 'كوثر الفقير', 'محرر قضائي من الدرجة الثالثة', 'deptjvm7xfj7moty778t', 1778230162286),
('1555137', 'حفيضة بوضوف', 'منتدب قضائي من الدرجة الثانية', 'deptyj4hrpd4moty76jr', 1778230162283),
('1555139', 'نرجس نوبي', 'منتدب قضائي من الدرجة الثالثة', 'deptjvm7xfj7moty778t', 1778230162285),
('1555152', 'ايمان حسيان', 'محرر قضائي من الدرجة الرابعة', 'deptngvyg4p3moty775m', 1778230162286),
('1555154', 'نهى نصراوي', 'محرر قضائي من الدرجة الثالثة', 'dept8it63z0fmoty77s4', 1778230162286),
('1555166', 'بشرى الحنبلي', 'محرر قضائي من الدرجة الثالثة', 'deptngvyg4p3moty775m', 1778230162286),
('1555210', 'ابتسام خضرة', 'منتدب قضائي من الدرجة الثالثة', 'deptyj4hrpd4moty76jr', 1778230162283),
('1555229', 'حنان عدو', 'منتدب قضائي من الدرجة الثالثة', 'deptuzltutx4moty77ha', 1778230162283),
('1555254', 'يونس أمنوح', 'محرر قضائي من الدرجة الثالثة', 'deptuzltutx4moty77ha', 1778230162286),
('1555289', 'بوشرى الكتامي', 'منتدب قضائي من الدرجة الثانية', 'deptngvyg4p3moty775m', 1778230162284),
('1555291', 'فاطمة اوراراض', 'منتدب قضائي من الدرجة الثالثة', 'deptuzltutx4moty77ha', 1778230162284),
('1555322', 'هاجر أمغار', 'محرر قضائي من الدرجة الثالثة', 'dept6tlvfbawmoty77up', 1778230162286),
('1555326', 'وفاء فلات', 'محرر قضائي من الدرجة الثانية', 'deptyj4hrpd4moty76jr', 1778230162285),
('1555349', 'إدريس اليعقوبي', 'محرر قضائي من الدرجة الثانية', 'dept591kyi72moty77pj', 1778230162285),
('1555358', 'حميد اقدور', 'منتدب قضائي من الدرجة الثانية', 'deptyj4hrpd4moty76jr', 1778230162284),
('1555373', 'يوسف لمطعي', 'منتدب قضائي من الدرجة الثالثة', 'deptjvm7xfj7moty778t', 1778230162284),
('1555379', 'فاطمة ايلمام', 'منتدب قضائي من الدرجة الثالثة', 'deptjvm7xfj7moty778t', 1778230162286),
('1555392', 'نوار لشهب', 'محرر قضائي من الدرجة الثالثة', 'dept591kyi72moty77pj', 1778230162286),
('1555402', 'خديجة الفلاح الادريسي', 'منتدب قضائي من الدرجة الثالثة', 'deptngvyg4p3moty775m', 1778230162284),
('1555456', 'فؤاد ولمقدم', 'منتدب قضائي من الدرجة الثالثة', 'dept591kyi72moty77pj', 1778230162284),
('1555503', 'ربيع بنصردي', 'منتدب قضائي من الدرجة الثانية', 'deptngvyg4p3moty775m', 1778230162284),
('1555551', 'محمد بوكرين', 'منتدب قضائي من الدرجة الثالثة', 'deptyj4hrpd4moty76jr', 1778230162283),
('1555554', 'سومية زهار', 'محرر قضائي من الدرجة الثانية', 'deptngvyg4p3moty775m', 1778230162285),
('1555650', 'جمال الدين اعبابو', 'منتدب قضائي من الدرجة الثانية', 'deptjvm7xfj7moty778t', 1778230162284),
('1555976', 'حفيظة أيت ويزة', 'منتدب قضائي من الدرجة الثانية', 'deptngvyg4p3moty775m', 1778230162284),
('1555984', 'سعيدة عمراني', 'منتدب قضائي من الدرجة الثانية', 'deptjvm7xfj7moty778t', 1778230162284),
('1556034', 'محمد بلحرير', 'منتدب قضائي من الدرجة الأولى', 'deptngvyg4p3moty775m', 1778230162284),
('1556039', 'زينب الشيضمي', 'منتدب قضائي من الدرجة الأولى', 'deptngvyg4p3moty775m', 1778230162284),
('1556051', 'عبد المالك الطائفي', 'منتدب قضائي من الدرجة الأولى', 'deptngvyg4p3moty775m', 1778230162284),
('1556075', 'عزيز زاهري', 'منتدب قضائي من الدرجة الأولى', 'deptngvyg4p3moty775m', 1778230162284),
('1556078', 'لطيفة العلمي', 'منتدب قضائي من الدرجة الأولى', 'deptjvm7xfj7moty778t', 1778230162284),
('1556105', 'طارق السراجي', 'منتدب قضائي من الدرجة الأولى', 'deptngvyg4p3moty775m', 1778230162284),
('1556129', 'عبد الرحمان والي علمي', 'منتدب قضائي من الدرجة الأولى', 'dept38ra8f9tmoty76yo', 1778230162284),
('1556149', 'مولاي الفضيل بلغيتي', 'منتدب قضائي من الدرجة الأولى', 'deptyj4hrpd4moty76jr', 1778230162284),
('1556231', 'كوثر لعجالي', 'منتدب قضائي من الدرجة الأولى', 'dept38ra8f9tmoty76yo', 1778230162283),
('1608934', 'موحى زني', 'منتدب قضائي من الدرجة الأولى', 'deptyj4hrpd4moty76jr', 1778230162284),
('1609150', 'نعيمة جاي منصوري', 'منتدب قضائي من الدرجة الثانية', 'deptngvyg4p3moty775m', 1778230162284),
('1609192', 'سناء الزعلي', 'منتدب قضائي من الدرجة الثانية', 'deptjvm7xfj7moty778t', 1778230162284),
('1609206', 'بشرى الدروة', 'منتدب قضائي من الدرجة الثانية', 'deptngvyg4p3moty775m', 1778230162284),
('1609211', 'شادية الدازي', 'منتدب قضائي من الدرجة الثانية', 'deptngvyg4p3moty775m', 1778230162284),
('1609212', 'ابراهيم لكريني', 'منتدب قضائي من الدرجة الثانية', 'deptjvm7xfj7moty778t', 1778230162284),
('1609218', 'المنتصر نويجفا', 'منتدب قضائي من الدرجة الثانية', 'deptngvyg4p3moty775m', 1778230162284),
('1609220', 'جمعة الغيوان', 'منتدب قضائي من الدرجة الثانية', 'deptyj4hrpd4moty76jr', 1778230162283),
('1609320', 'عماد حاجي', 'محرر قضائي من الدرجة الثانية', 'deptyj4hrpd4moty76jr', 1778230162285),
('1609321', 'إبراهيم وحديف', 'محرر قضائي من الدرجة الثانية', 'dept6tlvfbawmoty77up', 1778230162285),
('1609352', 'هشام الجيم', 'منتدب قضائي من الدرجة الثالثة', 'deptngvyg4p3moty775m', 1778230162284),
('1609368', 'شكيب عراب', 'منتدب قضائي من الدرجة الثانية', 'dept6tlvfbawmoty77up', 1778230162284),
('1609389', 'عثمان بوطاهري', 'محرر قضائي من الدرجة الثانية', 'deptjvm7xfj7moty778t', 1778230162285),
('1609393', 'طامو البرهمي', 'منتدب قضائي من الدرجة الثانية', 'dept591kyi72moty77pj', 1778230162284),
('1609414', 'حمزة القباج', 'منتدب قضائي من الدرجة الثانية', 'deptngvyg4p3moty775m', 1778230162284),
('1609427', 'عصام بوقفا ادريسي', 'محرر قضائي من الدرجة الثانية', 'dept38ra8f9tmoty76yo', 1778230162285),
('1609469', 'صفاء العكيلي', 'محرر قضائي من الدرجة الثالثة', 'dept38ra8f9tmoty76yo', 1778230162286),
('1609902', 'لحسن بنجيلالي', 'منتدب قضائي من الدرجة الثانية', 'deptngvyg4p3moty775m', 1778230162284),
('1609920', 'صلاح الدين الهيبة', 'منتدب قضائي من الدرجة الثالثة', 'dept591kyi72moty77pj', 1778230162284),
('1609933', 'مولاي علي العلوي', 'منتدب قضائي من الدرجة الثانية', 'deptjvm7xfj7moty778t', 1778230162284),
('1610037', 'خديجة مو', 'منتدب قضائي من الدرجة الثانية', 'deptngvyg4p3moty775m', 1778230162283),
('1610134', 'مونة العبادي', 'منتدب قضائي من الدرجة الثالثة', 'deptyj4hrpd4moty76jr', 1778230162283),
('1610213', 'ابراهيم دندوني', 'منتدب قضائي من الدرجة الثانية', 'deptyj4hrpd4moty76jr', 1778230162283),
('1610221', 'نوحو أمين', 'منتدب قضائي من الدرجة الثانية', 'dept38ra8f9tmoty76yo', 1778230162283),
('1610228', 'جواد الهداج', 'منتدب قضائي من الدرجة الثانية', 'deptjvm7xfj7moty778t', 1778230162283),
('1610234', 'يونس الجناتي السجالي', 'منتدب قضائي من الدرجة الثالثة', 'deptuzltutx4moty77ha', 1778230162283),
('1610275', 'عبد النبي خالص', 'منتدب قضائي من الدرجة الثالثة', 'deptjvm7xfj7moty778t', 1778230162283),
('1610296', 'هدى بنونة', 'منتدب قضائي من الدرجة الثانية', 'deptyj4hrpd4moty76jr', 1778230162283),
('1610305', 'عبد الحق عماري', 'منتدب قضائي من الدرجة الثانية', 'deptngvyg4p3moty775m', 1778230162283),
('1610308', 'محمد المخطوفي', 'منتدب قضائي من الدرجة الثانية', 'deptuzltutx4moty77ha', 1778230162283),
('1610315', 'محمد العويوش', 'منتدب قضائي من الدرجة الثالثة', 'deptngvyg4p3moty775m', 1778230162283),
('1610344', 'لبنى أوعلي', 'منتدب قضائي من الدرجة الثالثة', 'deptjvm7xfj7moty778t', 1778230162282),
('1610390', 'نعيمة مالكي', 'منتدب قضائي من الدرجة الثالثة', 'deptngvyg4p3moty775m', 1778230162286),
('1610724', 'ابتسام الشركي', 'منتدب قضائي من الدرجة الثانية', 'deptngvyg4p3moty775m', 1778230162284),
('1610807', 'ابتسام لكرين', 'منتدب قضائي من الدرجة الثالثة', 'dept38ra8f9tmoty76yo', 1778230162283),
('1610832', 'خالد بوكبير', 'منتدب قضائي من الدرجة الثالثة', 'dept591kyi72moty77pj', 1778230162285),
('1610833', 'ابراهيم بوعزاوي', 'منتدب قضائي من الدرجة الثالثة', 'deptuzltutx4moty77ha', 1778230162284),
('1610871', 'اسماء زاوي', 'منتدب قضائي من الدرجة الثالثة', 'deptngvyg4p3moty775m', 1778230162284),
('1610876', 'فتيحة اللساق', 'منتدب قضائي من الدرجة الثالثة', 'deptngvyg4p3moty775m', 1778230162284),
('1610889', 'ليلى قاديري', 'محرر قضائي من الدرجة الرابعة', 'dept591kyi72moty77pj', 1778230162286),
('1610929', 'نادية بدوز', 'محرر قضائي من الدرجة الثالثة', 'dept591kyi72moty77pj', 1778230162286),
('1610942', 'رجاء الحراتي', 'محرر قضائي من الدرجة الثالثة', 'deptngvyg4p3moty775m', 1778230162286),
('1610944', 'لبنى الهلالي', 'منتدب قضائي من الدرجة الثالثة', 'deptyj4hrpd4moty76jr', 1778230162284),
('1610957', 'فتيحة الميداوي', 'منتدب قضائي من الدرجة الثالثة', 'dept38ra8f9tmoty76yo', 1778230162283),
('1610965', 'فائزة حدوش', 'محرر قضائي من الدرجة الثالثة', 'deptngvyg4p3moty775m', 1778230162286),
('1610980', 'ادريس الحداد', 'محرر قضائي من الدرجة الثالثة', 'deptuzltutx4moty77ha', 1778230162286),
('1610986', 'عواطف حراق', 'محرر قضائي من الدرجة الثالثة', 'deptyj4hrpd4moty76jr', 1778230162286),
('1611011', 'نادية خيي', 'محرر قضائي من الدرجة الثالثة', 'deptngvyg4p3moty775m', 1778230162286),
('1611040', 'اسماء ايت اقويش', 'محرر قضائي من الدرجة الرابعة', 'dept591kyi72moty77pj', 1778230162286),
('1611081', 'مولاي احمد الطاهري', 'محرر قضائي من الدرجة الثالثة', 'dept8it63z0fmoty77s4', 1778230162286),
('1611090', 'صفاء العلمي', 'منتدب قضائي من الدرجة الثانية', 'dept591kyi72moty77pj', 1778230162284),
('1611119', 'منير العماري', 'منتدب قضائي من الدرجة الثانية', 'deptngvyg4p3moty775m', 1778230162284),
('1611120', 'محمد اقديدش', 'منتدب قضائي من الدرجة الثانية', 'deptyj4hrpd4moty76jr', 1778230162284),
('1611133', 'مبسام اغريس', 'منتدب قضائي من الدرجة الثانية', 'deptngvyg4p3moty775m', 1778230162284),
('1611209', 'هشام الإسماعيلي', 'منتدب قضائي من الدرجة الثانية', 'dept6tlvfbawmoty77up', 1778230162284),
('1611231', 'بشرى بنوزان', 'منتدب قضائي من الدرجة الثانية', 'deptngvyg4p3moty775m', 1778230162284),
('1611240', 'فاطمة الزهراء ينتور', 'منتدب قضائي من الدرجة الثانية', 'dept38ra8f9tmoty76yo', 1778230162284),
('1611253', 'الحسين دنى', 'منتدب قضائي من الدرجة الثانية', 'deptngvyg4p3moty775m', 1778230162284),
('1611257', 'زينب السعيدي', 'منتدب قضائي من الدرجة الثانية', 'deptjvm7xfj7moty778t', 1778230162284),
('1611276', 'سارة البارودي', 'منتدب قضائي من الدرجة الثانية', 'dept8it63z0fmoty77s4', 1778230162284),
('1611285', 'طارق أعراب', 'منتدب قضائي من الدرجة الثانية', 'deptngvyg4p3moty775m', 1778230162284),
('1611289', 'لمياء الجاحظ', 'منتدب قضائي من الدرجة الثانية', 'dept38ra8f9tmoty76yo', 1778230162284),
('1611299', 'طارق وراد', 'منتدب قضائي من الدرجة الثانية', 'dept8it63z0fmoty77s4', 1778230162284),
('1611311', 'لحسن الحامدي', 'مهندس دولة من الدرجة الممتازة', 'dept6tlvfbawmoty77up', 1778230162286),
('1611387', 'رحيمة الزياني', 'منتدب قضائي من الدرجة الثانية', 'deptngvyg4p3moty775m', 1778230162283),
('1611390', 'نورالدين بلخيري', 'منتدب قضائي من الدرجة الثانية', 'deptngvyg4p3moty775m', 1778230162283),
('1611405', 'خديجة عزيز علوي', 'منتدب قضائي من الدرجة الثانية', 'deptngvyg4p3moty775m', 1778230162283),
('1611407', 'دريس الحمامي', 'منتدب قضائي من الدرجة الثانية', 'deptuzltutx4moty77ha', 1778233932137),
('1611408', 'حفيظة قردوس', 'منتدب قضائي من الدرجة الثالثة', 'deptngvyg4p3moty775m', 1778230162282),
('1611413', 'الحساين أوجيل', 'منتدب قضائي من الدرجة الثانية', 'deptjvm7xfj7moty778t', 1778230162283),
('1611421', 'محمد اعراب', 'منتدب قضائي من الدرجة الثانية', 'deptjvm7xfj7moty778t', 1778230162283),
('1611422', 'عبد الخالق العبدلاوي', 'منتدب قضائي من الدرجة الثالثة', 'deptngvyg4p3moty775m', 1778230162284),
('1611429', 'محسن أيت منصور', 'منتدب قضائي من الدرجة الثانية', 'deptngvyg4p3moty775m', 1778230162283),
('1611445', 'سمية الوحداني', 'منتدب قضائي من الدرجة الثالثة', 'deptngvyg4p3moty775m', 1778230162282),
('1611448', 'مراد مزيان', 'منتدب قضائي من الدرجة الثانية', 'deptyj4hrpd4moty76jr', 1778230162283),
('1611490', 'مليكة الامين', 'منتدب قضائي من الدرجة الثالثة', 'deptngvyg4p3moty775m', 1778230162282),
('1611492', 'سكينة العماري', 'منتدب قضائي من الدرجة الثالثة', 'deptngvyg4p3moty775m', 1778230162282),
('1611498', 'سعيد اوحسين', 'منتدب قضائي من الدرجة الثانية', 'deptngvyg4p3moty775m', 1778230162286),
('1696496', 'إيمان كريطة', 'منتدب قضائي من الدرجة الثانية', 'dept38ra8f9tmoty76yo', 1778230162284),
('1813426', 'فاطمة الزهراء هاوش', 'منتدب قضائي من الدرجة الثانية', 'deptjvm7xfj7moty778t', 1778230162284),
('1813458', 'معاذ السموم', 'منتدب قضائي من الدرجة الثالثة', 'dept6tlvfbawmoty77up', 1778230162284),
('1813462', 'كريم اطبيب', 'منتدب قضائي من الدرجة الثانية', 'dept6tlvfbawmoty77up', 1778230162284),
('1813664', 'عبد السلام اشلواح', 'منتدب قضائي من الدرجة الثانية', 'deptngvyg4p3moty775m', 1778230162283),
('1813736', 'نوال الغرباوي', 'منتدب قضائي من الدرجة الثانية', 'deptjvm7xfj7moty778t', 1778230162283),
('1813749', 'فاطمة الزهراء بوجليل', 'منتدب قضائي من الدرجة الثانية', 'deptngvyg4p3moty775m', 1778230162283),
('1813768', 'حميد اكرام', 'منتدب قضائي من الدرجة الثالثة', 'deptngvyg4p3moty775m', 1778230162282),
('1813804', 'جواد المذكوري', 'منتدب قضائي من الدرجة الثانية', 'deptrxxs0lxemoty77kb', 1778230162283),
('1813821', 'عبد القادر محفوظ', 'منتدب قضائي من الدرجة الثالثة', 'deptjvm7xfj7moty778t', 1778230162282),
('1813831', 'غزلان خراط', 'منتدب قضائي من الدرجة الثالثة', 'deptngvyg4p3moty775m', 1778230162282),
('1813853', 'محمد علالي', 'منتدب قضائي من الدرجة الثانية', 'deptngvyg4p3moty775m', 1778230162283),
('1813878', 'ماجدة الخجيوي', 'منتدب قضائي من الدرجة الثالثة', 'deptyj4hrpd4moty76jr', 1778230162286),
('1814193', 'هناء المكاوي', 'منتدب قضائي من الدرجة الثالثة', 'dept6tlvfbawmoty77up', 1778230162284),
('1814224', 'عبد العالي مصلوحي', 'محرر قضائي من الدرجة الثالثة', 'dept6tlvfbawmoty77up', 1778230162286),
('1814287', 'هاجر بوشروع', 'منتدب قضائي من الدرجة الثانية', 'dept6tlvfbawmoty77up', 1778230162284),
('1814519', 'الدراوي مونية', 'منتدب قضائي من الدرجة الثالثة', 'dept591kyi72moty77pj', 1778230162284),
('1814545', 'سكينة بودالي', 'محرر قضائي من الدرجة الثالثة', 'deptngvyg4p3moty775m', 1778230162286),
('1814562', 'توفيق الحائك', 'منتدب قضائي من الدرجة الثالثة', 'deptngvyg4p3moty775m', 1778230162284),
('1814624', 'أسامة أخيار', 'منتدب قضائي من الدرجة الثالثة', 'deptjvm7xfj7moty778t', 1778230162282),
('1814641', 'محمد المكودي', 'منتدب قضائي من الدرجة الثانية', 'deptngvyg4p3moty775m', 1778230162282),
('1814675', 'محمد رشيد الزوجال', 'منتدب قضائي من الدرجة الثانية', 'deptngvyg4p3moty775m', 1778230162282),
('1814704', 'لمياء الصادقين', 'منتدب قضائي من الدرجة الثانية', 'deptngvyg4p3moty775m', 1778230162282),
('1814904', 'محمد احسين', 'منتدب قضائي من الدرجة الثالثة', 'dept591kyi72moty77pj', 1778230162284),
('1814970', 'محمد أكرم اللكماني', 'منتدب قضائي من الدرجة الثانية', 'deptyj4hrpd4moty76jr', 1778230162284),
('1814984', 'الأمين ديدي عمر', 'منتدب قضائي من الدرجة الثانية', 'deptngvyg4p3moty775m', 1778230162284),
('1815211', 'علال السباعي', 'منتدب قضائي من الدرجة الثالثة', 'dept8it63z0fmoty77s4', 1778230162284),
('1815257', 'إبراهيم أبريجي', 'منتدب قضائي من الدرجة الثالثة', 'deptyj4hrpd4moty76jr', 1778230162284),
('1815268', 'معاذ الحنافي', 'منتدب قضائي من الدرجة الثالثة', 'deptngvyg4p3moty775m', 1778230162284),
('1815476', 'نجاة الحلايسي', 'منتدب قضائي من الدرجة الثانية', 'deptyj4hrpd4moty76jr', 1778230162283),
('1815496', 'مصطفى اويشو', 'منتدب قضائي من الدرجة الثانية', 'deptuzltutx4moty77ha', 1778230162283),
('1815500', 'غزلان لحرير', 'منتدب قضائي من الدرجة الثالثة', 'deptjvm7xfj7moty778t', 1778230162282),
('1815501', 'محسن البرودي', 'منتدب قضائي من الدرجة الثالثة', 'dept38ra8f9tmoty76yo', 1778230162282),
('1815517', 'عدنان ابن عبد الكريم', 'منتدب قضائي من الدرجة الثالثة', 'deptngvyg4p3moty775m', 1778230162282),
('1815523', 'يونس علوي', 'منتدب قضائي من الدرجة الثانية', 'deptngvyg4p3moty775m', 1778230162283),
('1815526', 'عمر البكوري', 'منتدب قضائي من الدرجة الثانية', 'deptngvyg4p3moty775m', 1778230162283),
('1815571', 'محمد زياني', 'منتدب قضائي من الدرجة الثانية', 'dept38ra8f9tmoty76yo', 1778230162283),
('1815588', 'خديجة بن الشيخ', 'منتدب قضائي من الدرجة الثانية', 'deptyj4hrpd4moty76jr', 1778230162283),
('1815616', 'علاء باختي', 'محرر قضائي من الدرجة الثالثة', 'deptjvm7xfj7moty778t', 1778230162286),
('1815620', 'ايوب بوعلام', 'محرر قضائي من الدرجة الثالثة', 'deptyj4hrpd4moty76jr', 1778230162286),
('1815639', 'ربيعة مولود', 'محرر قضائي من الدرجة الثالثة', 'dept6tlvfbawmoty77up', 1778230162286),
('1815650', 'راوية بوغرف', 'محرر قضائي من الدرجة الثالثة', 'dept591kyi72moty77pj', 1778230162286),
('1815657', 'كوتر رداح', 'منتدب قضائي من الدرجة الثالثة', 'dept38ra8f9tmoty76yo', 1778230162284),
('1815665', 'ميلودة فليو', 'محرر قضائي من الدرجة الثالثة', 'deptyj4hrpd4moty76jr', 1778230162286),
('1816093', 'حنان العكيد', 'منتدب قضائي من الدرجة الثالثة', 'dept591kyi72moty77pj', 1778230162284),
('1816104', 'عبد الإله بوستة', 'منتدب قضائي من الدرجة الثالثة', 'deptuzltutx4moty77ha', 1778230162284),
('1816139', 'يوسف التريوي', 'منتدب قضائي من الدرجة الثالثة', 'dept591kyi72moty77pj', 1778230162284),
('1816206', 'فاطمة الزهراء بوحساس', 'منتدب قضائي من الدرجة الثانية', 'dept6tlvfbawmoty77up', 1778230162284),
('1816213', 'اسية البزازي', 'منتدب قضائي من الدرجة الثانية', 'dept6tlvfbawmoty77up', 1778230162284),
('1816261', 'سهام لغريب', 'منتدب قضائي من الدرجة الثانية', 'dept6tlvfbawmoty77up', 1778230162284),
('183519', 'حسن الغديوي', 'كاتب الضبط من الدرجة الثانية', 'deptyj4hrpd4moty76jr', 1778230162286),
('189300', 'ادريس الغربي', 'كاتب الضبط من الدرجة الثالثة', 'deptngvyg4p3moty775m', 1778230162286),
('226275', 'ميلود بولخريف', 'كاتب الضبط من الدرجة الثالثة', 'deptngvyg4p3moty775m', 1778230162286),
('226276', 'عبد القادر بنعمران', 'كاتب الضبط من الدرجة الثالثة', 'deptjvm7xfj7moty778t', 1778230162286),
('2288645', 'فتيحة الدراجي', 'منتدب قضائي من الدرجة الثالثة', 'deptjvm7xfj7moty778t', 1778230162282),
('2288648', 'فاطمة الزهراء دوشي', 'منتدب قضائي من الدرجة الثالثة', 'deptngvyg4p3moty775m', 1778230162282),
('2288692', 'فاطمة الزهراء حاجبي', 'منتدب قضائي من الدرجة الثالثة', 'deptngvyg4p3moty775m', 1778230162282),
('2288693', 'خنساء زياني', 'منتدب قضائي من الدرجة الثالثة', 'deptngvyg4p3moty775m', 1778230162282),
('2288701', 'حنان وردي', 'منتدب قضائي من الدرجة الثالثة', 'deptngvyg4p3moty775m', 1778230162282),
('2288711', 'نادية ليب', 'منتدب قضائي من الدرجة الثالثة', 'deptjvm7xfj7moty778t', 1778230162284),
('2288718', 'نور الدين عركوب', 'منتدب قضائي من الدرجة الثالثة', 'dept591kyi72moty77pj', 1778230162282),
('2288746', 'احمد عبادي', 'منتدب قضائي من الدرجة الثالثة', 'deptngvyg4p3moty775m', 1778230162282),
('2288759', 'نبيلة مسيبكي', 'منتدب قضائي من الدرجة الثالثة', 'deptjvm7xfj7moty778t', 1778230162282),
('2288766', 'سلوى باقدور', 'منتدب قضائي من الدرجة الثالثة', 'deptjvm7xfj7moty778t', 1778230162282),
('2288799', 'عبد الرحمان ايت بن عمرو', 'منتدب قضائي من الدرجة الثالثة', 'deptngvyg4p3moty775m', 1778230162282),
('2288882', 'زينب الدغوغي', 'منتدب قضائي من الدرجة الثالثة', 'deptngvyg4p3moty775m', 1778230162282),
('2288884', 'محمد أمين صبحي', 'منتدب قضائي من الدرجة الثالثة', 'dept38ra8f9tmoty76yo', 1778230162282),
('2288889', 'حسناء شماس', 'منتدب قضائي من الدرجة الثالثة', 'deptyj4hrpd4moty76jr', 1778230162282),
('2288909', 'نورالدين الدراز', 'منتدب قضائي من الدرجة الثالثة', 'dept38ra8f9tmoty76yo', 1778230162282),
('2289149', 'بشرى شيلوش', 'مهندس دولة من الدرجة الأولى', 'dept6tlvfbawmoty77up', 1778230162286),
('2289488', 'سارة لمسيح', 'محرر قضائي من الدرجة الثالثة', 'deptyj4hrpd4moty76jr', 1778230162286),
('2289542', 'شادية الغنامي', 'محرر قضائي من الدرجة الثالثة', 'dept8it63z0fmoty77s4', 1778230162286),
('2289544', 'نورة الهاني', 'محرر قضائي من الدرجة الثالثة', 'deptngvyg4p3moty775m', 1778230162286),
('2289605', 'إيمان ميان', 'محرر قضائي من الدرجة الثالثة', 'deptngvyg4p3moty775m', 1778230162286),
('2289676', 'فتيحة هند', 'منتدب قضائي من الدرجة الثالثة', 'deptyj4hrpd4moty76jr', 1778230162282),
('2289738', 'وفاء اجدير', 'منتدب قضائي من الدرجة الثالثة', 'deptyj4hrpd4moty76jr', 1778230162282),
('2289848', 'المهدي البويسفي', 'منتدب قضائي من الدرجة الثالثة', 'deptjvm7xfj7moty778t', 1778230162282),
('2289897', 'فريدة بن عدي', 'محرر قضائي من الدرجة الرابعة', 'dept6tlvfbawmoty77up', 1778230162286),
('2289950', 'خليل بلقديا', 'منتدب قضائي من الدرجة الثالثة', 'dept591kyi72moty77pj', 1778230162283),
('2289974', 'عبدالالاه المعلم', 'منتدب قضائي من الدرجة الثالثة', 'deptuzltutx4moty77ha', 1778230162283),
('2290156', 'عبد الرحيم او هالم', 'محرر قضائي من الدرجة الثالثة', 'deptuzltutx4moty77ha', 1778233969601),
('284028', 'محمد الهواري', 'كاتب الضبط من الدرجة الأولى', 'deptngvyg4p3moty775m', 1778230162286),
('298861', 'ليلة حجامي', 'كاتب الضبط من الدرجة الثالثة', 'deptyj4hrpd4moty76jr', 1778230162286),
('298862', 'نعيمة قندوسي', 'كاتب الضبط من الدرجة الثانية', 'deptngvyg4p3moty775m', 1778230162286),
('300613', 'عزيزة العلمي', 'كاتب الضبط من الدرجة الثانية', 'deptyj4hrpd4moty76jr', 1778230162286),
('318631', 'خديجة اكراط', 'كاتب الضبط من الدرجة الأولى', 'deptngvyg4p3moty775m', 1778230162286),
('318680', 'خديجة الناجدي', 'محرر قضائي من الدرجة الثانية', 'deptyj4hrpd4moty76jr', 1778230162285),
('318692', 'نادية حدى', 'كاتب الضبط من الدرجة الأولى', 'deptjvm7xfj7moty778t', 1778230162286),
('323908', 'فريدة بنيعيش', 'كاتب الضبط من الدرجة الثالثة', 'deptjvm7xfj7moty778t', 1778230162286),
('336649', 'يوسف القشا طي', 'منتدب قضائي من الدرجة الممتازة', 'deptjvm7xfj7moty778t', 1778230162283),
('350539', 'عبد الغني الابراهيمي', 'كاتب الضبط من الدرجة الثانية', 'deptyj4hrpd4moty76jr', 1778230162286),
('350553', 'مليكة وعشيش', 'منتدب قضائي من الدرجة الممتازة', 'dept591kyi72moty77pj', 1778230162284),
('372154', 'نعيمة سكا رتة', 'كاتب الضبط من الدرجة الأولى', 'deptyj4hrpd4moty76jr', 1778230162286),
('372156', 'المصطفى القريا ني', 'كاتب الضبط من الدرجة الأولى', 'dept38ra8f9tmoty76yo', 1778230162286),
('372261', 'عا ئشة كركا ش', 'محرر قضائي من الدرجة الثانية', 'deptyj4hrpd4moty76jr', 1778230162285),
('372275', 'رشيد الزبوري', 'كاتب الضبط من الدرجة الثانية', 'deptyj4hrpd4moty76jr', 1778230162286),
('381016', 'زكية الحداد', 'كاتب الضبط من الدرجة الثانية', 'deptngvyg4p3moty775m', 1778230162286),
('381269', 'نعيمة القوبت', 'كاتب الضبط من الدرجة الثانية', 'deptyj4hrpd4moty76jr', 1778230162286),
('381276', 'هشا م بنسا لم', 'منتدب قضائي من الدرجة الثالثة', 'deptyj4hrpd4moty76jr', 1778230162284),
('388437', 'لطيفة زنا في', 'كاتب الضبط من الدرجة الأولى', 'deptyj4hrpd4moty76jr', 1778230162286),
('388455', 'فا طمة الفلا حي', 'كاتب الضبط من الدرجة الثانية', 'deptyj4hrpd4moty76jr', 1778230162286),
('388567', 'خا ليد با علي', 'كاتب الضبط من الدرجة الثانية', 'deptngvyg4p3moty775m', 1778230162286),
('390431', 'محمد النميلي', 'منتدب قضائي من الدرجة الأولى', 'dept38ra8f9tmoty76yo', 1778230162283),
('390443', 'ابراهيم كربال', 'كاتب الضبط من الدرجة الثانية', 'deptrxxs0lxemoty77kb', 1778230162286),
('390495', 'مولاي المهدي بريول', 'كاتب الضبط من الدرجة الثانية', 'dept8it63z0fmoty77s4', 1778230162286),
('390525', 'فاطمة بونادم', 'كاتب الضبط من الدرجة الثانية', 'dept8it63z0fmoty77s4', 1778230162286);
INSERT INTO `employees` (`id`, `full_name`, `position`, `department_id`, `created_at`) VALUES
('394272', 'محمد البلغيثي', 'كاتب الضبط من الدرجة الثالثة', 'dept591kyi72moty77pj', 1778230162286),
('394329', 'نوال طيب', 'كاتب الضبط من الدرجة الأولى', 'dept38ra8f9tmoty76yo', 1778230162286),
('394377', 'فوزية عبدي الله', 'كاتب الضبط من الدرجة الثانية', 'dept591kyi72moty77pj', 1778230162286),
('394800', 'حفيظة فوزي', 'منتدب قضائي من الدرجة الثانية', 'dept591kyi72moty77pj', 1778230162284),
('396413', 'علال اجدجيك', 'كاتب الضبط من الدرجة الثالثة', 'dept6tlvfbawmoty77up', 1778230162286),
('396419', 'بوشرة بلقا سمي', 'كاتب الضبط من الدرجة الأولى', 'deptyj4hrpd4moty76jr', 1778230162286),
('396820', 'محمد بوزهر', 'كاتب الضبط من الدرجة الأولى', 'deptjvm7xfj7moty778t', 1778230162286),
('397049', 'مينة امهوض', 'كاتب الضبط من الدرجة الثالثة', 'deptngvyg4p3moty775m', 1778230162286),
('397063', 'رشيد العلوي', 'كاتب الضبط من الدرجة الثالثة', 'deptyj4hrpd4moty76jr', 1778230162286),
('397156', 'محمد ا بو الغيث', 'كاتب الضبط من الدرجة الثانية', 'dept591kyi72moty77pj', 1778230162286),
('397208', 'سيدي محمد الغا لي', 'كاتب الضبط من الدرجة الثانية', 'deptngvyg4p3moty775m', 1778230162286),
('399890', 'عبد الحميد بلعيد', 'كاتب الضبط من الدرجة الثالثة', 'deptngvyg4p3moty775m', 1778230162286),
('65744', 'فا طمة اليحيا وي', 'كاتب الضبط من الدرجة الثانية', 'deptjvm7xfj7moty778t', 1778230162286),
('65875', 'سميرة كرام', 'كاتب الضبط من الدرجة الثالثة', 'deptyj4hrpd4moty76jr', 1778230162286),
('66050', 'ادريس البوكيلي', 'كاتب الضبط من الدرجة الثالثة', 'deptjvm7xfj7moty778t', 1778230162286),
('66560', 'عبد العا لي بودودوح', 'منتدب قضائي من الدرجة الممتازة', 'dept8it63z0fmoty77s4', 1778230162284),
('66565', 'فريد الازهر', 'منتدب قضائي من الدرجة الممتازة', 'deptjvm7xfj7moty778t', 1778230162284),
('66587', 'للا خدوج البوبكرا وي', 'منتدب قضائي من الدرجة الأولى', 'deptngvyg4p3moty775m', 1778230162284),
('708169', 'خديجة الصديق', 'كاتب الضبط من الدرجة الأولى', 'deptjvm7xfj7moty778t', 1778230162286),
('708185', 'للاة لكبيرة اليا زيدي', 'محرر قضائي من الدرجة الأولى', 'deptuzltutx4moty77ha', 1778230162285),
('70979', 'مصطفى شعالي', 'محرر قضائي من الدرجة الثانية', 'deptngvyg4p3moty775m', 1778230162285),
('711592', 'سعيد الابراهيمي', 'كاتب الضبط من الدرجة الثالثة', 'deptngvyg4p3moty775m', 1778230162286),
('71234', 'مولاي رشيد قا دري', 'كاتب الضبط من الدرجة الثانية', 'deptngvyg4p3moty775m', 1778230162286),
('713642', 'نعيمة العجلا ني', 'منتدب قضائي من الدرجة الممتازة', 'dept591kyi72moty77pj', 1778230162283),
('713790', 'سها م وزير', 'كاتب الضبط من الدرجة الثانية', 'deptjvm7xfj7moty778t', 1778230162286),
('714549', 'يونس منتكي', 'كاتب الضبط من الدرجة الثالثة', 'deptngvyg4p3moty775m', 1778230162286),
('714580', 'المصطفى افرياض', 'منتدب قضائي من الدرجة الثالثة', 'deptngvyg4p3moty775m', 1778230162283),
('71503', 'نعيمة رشيد', 'محرر قضائي من الدرجة الرابعة', 'deptngvyg4p3moty775m', 1778230162286),
('71645', 'عبد الرحيم الوالي', 'محرر قضائي من الدرجة الأولى', 'deptyj4hrpd4moty76jr', 1778230162285),
('71690', 'رشيد فقيري', 'منتدب قضائي من الدرجة الثانية', 'deptngvyg4p3moty775m', 1778230162284),
('720668', 'شفيقة عا ليم', 'منتدب قضائي من الدرجة الممتازة', 'deptyj4hrpd4moty76jr', 1778230162283),
('720674', 'رقية علالي', 'منتدب قضائي من الدرجة الأولى', 'deptyj4hrpd4moty76jr', 1778230162284),
('724501', 'انيسة الشبيهي الوحودي', 'كاتب الضبط من الدرجة الثالثة', 'deptngvyg4p3moty775m', 1778230162286),
('724506', 'عا ئشة حمو ش', 'محرر قضائي من الدرجة الرابعة', 'deptyj4hrpd4moty76jr', 1778230162286),
('724575', 'نهاد شكيب', 'منتدب قضائي من الدرجة الممتازة', 'deptuzltutx4moty77ha', 1778230162283),
('724810', 'فاطمة بلعادل', 'كاتب الضبط من الدرجة الثانية', 'deptjvm7xfj7moty778t', 1778230162286),
('726801', 'ادريس التلغزي', 'منتدب قضائي من الدرجة الممتازة', 'deptngvyg4p3moty775m', 1778230162286),
('726870', 'فائزة بن الهادي', 'منتدب قضائي من الدرجة الممتازة', 'dept38ra8f9tmoty76yo', 1778230162286),
('726872', 'الصديق الخمار', 'منتدب قضائي من الدرجة الأولى', 'deptngvyg4p3moty775m', 1778230162284),
('729270', 'ادريسية علامي', 'منتدب قضائي من الدرجة الممتازة', 'deptngvyg4p3moty775m', 1778230162283),
('729623', 'نجمة لو ليجي', 'كاتب الضبط من الدرجة الأولى', 'deptngvyg4p3moty775m', 1778230162286),
('729626', 'هند المغاري', 'محرر قضائي من الدرجة الثالثة', 'dept591kyi72moty77pj', 1778230162286),
('732335', 'عبد العالي ناجح', 'منتدب قضائي من الدرجة الأولى', 'deptyj4hrpd4moty76jr', 1778230162286),
('75851', 'عبد الله ناصري', 'كاتب الضبط من الدرجة الثالثة', 'dept38ra8f9tmoty76yo', 1778230162286),
('758763', 'للازينب راشيدي', 'كاتب الضبط من الدرجة الثانية', 'deptjvm7xfj7moty778t', 1778230162286),
('75978', 'زبيدة مرزاق', 'منتدب قضائي من الدرجة الممتازة', 'dept591kyi72moty77pj', 1778230162284),
('75981', 'علي نزي', 'منتدب قضائي من الدرجة الأولى', 'dept591kyi72moty77pj', 1778230162283),
('759968', 'ز هور ملا ك', 'منتدب قضائي من الدرجة الثالثة', 'deptyj4hrpd4moty76jr', 1778230162283),
('760304', 'عبد الكر يم ا و عيسى', 'كاتب الضبط من الدرجة الأولى', 'deptyj4hrpd4moty76jr', 1778230162286),
('760429', 'محمد اشميط', 'كاتب الضبط من الدرجة الثالثة', 'deptngvyg4p3moty775m', 1778230162286),
('769295', 'تورية شربنو', 'منتدب قضائي من الدرجة الأولى', 'deptyj4hrpd4moty76jr', 1778230162283),
('769331', 'شوقي المدغري', 'كاتب الضبط من الدرجة الثالثة', 'deptngvyg4p3moty775m', 1778230162286),
('769344', 'سلوى الشا فعي', 'منتدب قضائي من الدرجة الثالثة', 'dept38ra8f9tmoty76yo', 1778230162284),
('769355', 'ر شيد بلها شمي', 'كاتب الضبط من الدرجة الأولى', 'deptyj4hrpd4moty76jr', 1778230162286),
('769363', 'كر يمة با قري', 'منتدب قضائي من الدرجة الثالثة', 'dept8it63z0fmoty77s4', 1778230162284),
('771470', 'فا طمة كمبوني', 'منتدب قضائي من الدرجة الممتازة', 'deptyj4hrpd4moty76jr', 1778230162284),
('773015', 'المصطفى امهوض', 'كاتب الضبط من الدرجة الثالثة', 'dept38ra8f9tmoty76yo', 1778230162286),
('773033', 'حليمة بو دين', 'كاتب الضبط من الدرجة الثانية', 'dept591kyi72moty77pj', 1778230162286),
('773120', 'عزيزة الخضراوي', 'كاتب الضبط من الدرجة الثانية', 'deptyj4hrpd4moty76jr', 1778230162286),
('773396', 'فا طمة الز هراء البلغيتي العلوي', 'كاتب الضبط من الدرجة الثالثة', 'dept6tlvfbawmoty77up', 1778230162286),
('777808', 'ادريس مروي', 'كاتب الضبط من الدرجة الثالثة', 'deptngvyg4p3moty775m', 1778230162286),
('777809', 'العر بي الز ا كي', 'كاتب الضبط من الدرجة الأولى', 'deptngvyg4p3moty775m', 1778230162286),
('777877', 'كنزة الخودي', 'كاتب الضبط من الدرجة الثالثة', 'deptuzltutx4moty77ha', 1778230162286),
('777894', 'مصطا فى داودي', 'كاتب الضبط من الدرجة الثالثة', 'deptngvyg4p3moty775m', 1778230162286),
('777969', 'فطومة طيب', 'كاتب الضبط من الدرجة الأولى', 'dept38ra8f9tmoty76yo', 1778230162286),
('782316', 'مولاي هاشم ادريسي', 'كاتب الضبط من الدرجة الأولى', 'deptngvyg4p3moty775m', 1778230162286),
('782403', 'فوزية دا حة', 'منتدب قضائي من الدرجة الممتازة', 'deptjvm7xfj7moty778t', 1778230162283),
('782417', 'عبد المجيد البورقادي', 'منتدب قضائي من الدرجة الممتازة', 'deptyj4hrpd4moty76jr', 1778230162284),
('782803', 'نجاة مهدوب', 'منتدب قضائي من الدرجة الممتازة', 'deptngvyg4p3moty775m', 1778230162286),
('782819', 'عبد الحق الر حمو ني', 'محرر قضائي من الدرجة الثالثة', 'dept591kyi72moty77pj', 1778230162286),
('782861', 'محمد حجامي', 'كاتب الضبط من الدرجة الثالثة', 'dept591kyi72moty77pj', 1778230162286),
('782920', 'حليمة دريسي', 'كاتب الضبط من الدرجة الثانية', 'dept38ra8f9tmoty76yo', 1778230162286),
('786219', 'محمد بلقديا', 'منتدب قضائي من الدرجة الممتازة', 'dept591kyi72moty77pj', 1778230162283),
('786243', 'سعيد مفتوحي', 'كاتب الضبط من الدرجة الرابعة', 'dept591kyi72moty77pj', 1778230162286),
('786261', 'نجية بنكريت', 'كاتب الضبط من الدرجة الثالثة', 'deptyj4hrpd4moty76jr', 1778230162286),
('786276', 'سعا د الحرا ء', 'كاتب الضبط من الدرجة الثانية', 'deptjvm7xfj7moty778t', 1778230162286),
('786315', 'حورية البلغيتي', 'منتدب قضائي من الدرجة الأولى', 'deptyj4hrpd4moty76jr', 1778230162283),
('786340', 'بشرى المحمد ي', 'كاتب الضبط من الدرجة الأولى', 'deptngvyg4p3moty775m', 1778230162286),
('786364', 'حبيبة بوحولة', 'كاتب الضبط من الدرجة الأولى', 'dept6tlvfbawmoty77up', 1778230162286),
('786423', 'الحبيب الدخيسي', 'منتدب قضائي من الدرجة الأولى', 'dept38ra8f9tmoty76yo', 1778230162283),
('786452', 'زبيدة الفزازي', 'كاتب الضبط من الدرجة الثانية', 'dept38ra8f9tmoty76yo', 1778230162286),
('788935', 'المصطفى توغزاوي', 'محرر قضائي من الدرجة الثالثة', 'deptrxxs0lxemoty77kb', 1778230162286),
('788942', 'فا طمة اليزمي', 'محرر قضائي من الدرجة الثانية', 'deptngvyg4p3moty775m', 1778230162285),
('788999', 'محمد مفتوحي', 'كاتب الضبط من الدرجة الثالثة', 'dept591kyi72moty77pj', 1778230162286),
('789026', 'محمد الحداد', 'كاتب الضبط من الدرجة الأولى', 'deptngvyg4p3moty775m', 1778230162286),
('789031', 'وفا ء بنور', 'كاتب الضبط من الدرجة الثانية', 'deptngvyg4p3moty775m', 1778230162286),
('789032', 'سها م بلما مو ن', 'كاتب الضبط من الدرجة الأولى', 'deptngvyg4p3moty775m', 1778230162286),
('789057', 'غزلا ن بنسا لم', 'كاتب الضبط من الدرجة الأولى', 'deptyj4hrpd4moty76jr', 1778230162286),
('789098', 'نعيمة بحما ن', 'منتدب قضائي من الدرجة الممتازة', 'deptngvyg4p3moty775m', 1778230162284),
('789152', 'كنز ة ز مز و مي', 'محرر قضائي من الدرجة الثالثة', 'deptngvyg4p3moty775m', 1778230162286),
('789159', 'خدوج مويان', 'كاتب الضبط من الدرجة الثانية', 'dept38ra8f9tmoty76yo', 1778230162286),
('789234', 'موسى الروكي', 'محرر قضائي من الدرجة الثانية', 'deptjvm7xfj7moty778t', 1778230162285),
('82166', 'فوزية عيا دي', 'محرر قضائي من الدرجة الثالثة', 'deptngvyg4p3moty775m', 1778230162286),
('82170', 'الزهرة محفوض', 'محرر قضائي من الدرجة الثالثة', 'deptngvyg4p3moty775m', 1778230162286),
('835537', 'حميد بقلول', 'منتدب قضائي من الدرجة الأولى', 'deptyj4hrpd4moty76jr', 1778230162283),
('835667', 'قاسم الصديق', 'منتدب قضائي من الدرجة الأولى', 'dept6tlvfbawmoty77up', 1778230162283),
('837185', 'نزهة الوزاني', 'منتدب قضائي من الدرجة الأولى', 'deptjvm7xfj7moty778t', 1778230162284),
('837196', 'سمية اللبا ر', 'كاتب الضبط من الدرجة الثالثة', 'deptngvyg4p3moty775m', 1778230162286),
('837341', 'إدريس الشواي', 'منتدب قضائي من الدرجة الأولى', 'deptngvyg4p3moty775m', 1778230162283),
('837342', 'الدريسبة الصبار', 'منتدب قضائي من الدرجة الممتازة', 'deptyj4hrpd4moty76jr', 1778230162283),
('837386', 'ربيعة الدكالي', 'كاتب الضبط من الدرجة الثالثة', 'deptyj4hrpd4moty76jr', 1778230162286),
('837419', 'فطيم بنهاشم', 'منتدب قضائي من الدرجة الممتازة', 'deptngvyg4p3moty775m', 1778230162284),
('837524', 'زهرة الخودي', 'كاتب الضبط من الدرجة الثانية', 'dept38ra8f9tmoty76yo', 1778230162286),
('838065', 'ا د ريس ا بلا ل', 'منتدب قضائي من الدرجة الثانية', 'deptjvm7xfj7moty778t', 1778230162284),
('844421', 'سعيد هباط', 'محرر قضائي من الدرجة الثالثة', 'deptngvyg4p3moty775m', 1778230162286),
('844609', 'يوسف زنافي', 'كاتب الضبط من الدرجة الثانية', 'deptyj4hrpd4moty76jr', 1778230162286),
('844801', 'فاطمة وعلي', 'كاتب الضبط من الدرجة الثانية', 'deptyj4hrpd4moty76jr', 1778230162286),
('844860', 'عشورة عبيروش', 'محرر قضائي من الدرجة الثالثة', 'deptjvm7xfj7moty778t', 1778230162286),
('846456', 'فا طمة الصحتري', 'منتدب قضائي من الدرجة الممتازة', 'deptjvm7xfj7moty778t', 1778230162284),
('846469', 'حجيبة مومين', 'منتدب قضائي من الدرجة الممتازة', 'dept8it63z0fmoty77s4', 1778230162284),
('846652', 'ادريس جبروك', 'منتدب قضائي من الدرجة الممتازة', 'deptngvyg4p3moty775m', 1778230162284),
('846654', 'الزا هية النويجع', 'منتدب قضائي من الدرجة الممتازة', 'deptngvyg4p3moty775m', 1778230162284),
('846663', 'فطيمة لغريسي', 'منتدب قضائي من الدرجة الممتازة', 'dept8it63z0fmoty77s4', 1778230162284),
('846666', 'زهور اغرابي', 'منتدب قضائي من الدرجة الممتازة', 'deptyj4hrpd4moty76jr', 1778230162283),
('847101', 'ادريس الشباك', 'كاتب الضبط من الدرجة الثانية', 'deptjvm7xfj7moty778t', 1778230162286),
('847784', 'مو لاي الشر يف بنطسيل', 'منتدب قضائي من الدرجة الأولى', 'deptngvyg4p3moty775m', 1778230162283),
('893566', 'سعا د حدو', 'كاتب الضبط من الدرجة الثالثة', 'deptyj4hrpd4moty76jr', 1778230162286),
('896514', 'مليكة لهموز', 'كاتب الضبط من الدرجة الثانية', 'deptyj4hrpd4moty76jr', 1778230162286),
('896553', 'عبد الصمد ادريسي ازمي', 'محرر قضائي من الدرجة الثالثة', 'deptuzltutx4moty77ha', 1778230162286),
('897969', 'حميد معتا ميد', 'منتدب قضائي من الدرجة الأولى', 'deptngvyg4p3moty775m', 1778230162284),
('898359', 'لحبيب فا ئق', 'كاتب الضبط من الدرجة الثالثة', 'dept591kyi72moty77pj', 1778230162286),
('898362', 'محمد زو يتة', 'منتدب قضائي من الدرجة الأولى', 'deptyj4hrpd4moty76jr', 1778230162283),
('899621', 'سعيدة الصا في', 'منتدب قضائي من الدرجة الثانية', 'deptyj4hrpd4moty76jr', 1778230162283),
('9067419', 'عبد الكريم الفشان', 'متصرف من الدرجة الأولى', 'deptyj4hrpd4moty76jr', 1778230162286),
('98703', 'سماح طنشري الوزاني', 'كاتب الضبط من الدرجة الثالثة', 'deptyj4hrpd4moty76jr', 1778230162286),
('98768', 'محمد قرو', 'محرر قضائي من الدرجة الثانية', 'deptyj4hrpd4moty76jr', 1778230162285),
('988838', 'فا طمة ابو الفتح', 'منتدب قضائي من الدرجة الممتازة', 'deptngvyg4p3moty775m', 1778230162283);

-- --------------------------------------------------------

--
-- Table structure for table `list_validation_errors`
--

DROP TABLE IF EXISTS `list_validation_errors`;
CREATE TABLE IF NOT EXISTS `list_validation_errors` (
  `id` int NOT NULL AUTO_INCREMENT,
  `list_id` varchar(50) CHARACTER SET utf8mb4 COLLATE utf8mb4_unicode_ci NOT NULL,
  `list_type` enum('OVERTIME','ON_CALL') CHARACTER SET utf8mb4 COLLATE utf8mb4_unicode_ci NOT NULL,
  `employee_id` varchar(50) CHARACTER SET utf8mb4 COLLATE utf8mb4_unicode_ci DEFAULT NULL,
  `error_type` enum('LIMIT_EXCEEDED','CALCULATION_ERROR','MISSING_DATA','CONFLICT','NOT_FOUND') CHARACTER SET utf8mb4 COLLATE utf8mb4_unicode_ci DEFAULT NULL,
  `message` text CHARACTER SET utf8mb4 COLLATE utf8mb4_unicode_ci,
  `severity` enum('error','warning') CHARACTER SET utf8mb4 COLLATE utf8mb4_unicode_ci DEFAULT NULL,
  `created_at` timestamp NULL DEFAULT CURRENT_TIMESTAMP,
  PRIMARY KEY (`id`)
) ENGINE=InnoDB DEFAULT CHARSET=utf8mb4 COLLATE=utf8mb4_unicode_ci;

-- --------------------------------------------------------

--
-- Table structure for table `on_call_dates`
--

DROP TABLE IF EXISTS `on_call_dates`;
CREATE TABLE IF NOT EXISTS `on_call_dates` (
  `id` int NOT NULL AUTO_INCREMENT,
  `record_id` int NOT NULL,
  `date` date NOT NULL,
  `date_type` enum('WEEKEND','HOLIDAY') CHARACTER SET utf8mb4 COLLATE utf8mb4_unicode_ci NOT NULL,
  PRIMARY KEY (`id`),
  KEY `record_id` (`record_id`)
) ENGINE=InnoDB AUTO_INCREMENT=212 DEFAULT CHARSET=utf8mb4 COLLATE=utf8mb4_unicode_ci;

--
-- Dumping data for table `on_call_dates`
--

INSERT INTO `on_call_dates` (`id`, `record_id`, `date`, `date_type`) VALUES
(6, 5, '2026-02-01', 'WEEKEND'),
(7, 6, '2026-02-08', 'WEEKEND'),
(8, 7, '2026-02-09', 'WEEKEND'),
(9, 8, '2026-02-15', 'WEEKEND'),
(10, 9, '2026-02-16', 'WEEKEND'),
(11, 10, '2026-02-22', 'WEEKEND'),
(13, 12, '2026-03-15', 'WEEKEND'),
(14, 13, '2026-03-21', 'WEEKEND'),
(15, 4, '2025-05-18', 'WEEKEND'),
(16, 5, '2025-05-24', 'WEEKEND'),
(17, 16, '2025-05-25', 'WEEKEND'),
(18, 6, '2025-05-10', 'WEEKEND'),
(19, 18, '2025-05-11', 'WEEKEND'),
(20, 19, '2025-05-17', 'WEEKEND'),
(21, 20, '2025-05-01', 'HOLIDAY'),
(22, 7, '2025-06-07', 'WEEKEND'),
(23, 22, '2025-06-08', 'WEEKEND'),
(24, 23, '2025-06-14', 'WEEKEND'),
(25, 24, '2025-06-15', 'WEEKEND'),
(26, 25, '2025-06-21', 'WEEKEND'),
(27, 26, '2025-06-22', 'WEEKEND'),
(28, 8, '2026-01-03', 'WEEKEND'),
(29, 28, '2026-01-04', 'WEEKEND'),
(30, 29, '2026-01-01', 'HOLIDAY'),
(31, 9, '2026-01-03', 'WEEKEND'),
(32, 31, '2026-01-04', 'WEEKEND'),
(33, 32, '2026-01-01', 'HOLIDAY'),
(34, 10, '2026-01-10', 'WEEKEND'),
(35, 34, '2026-01-11', 'WEEKEND'),
(36, 11, '2026-01-10', 'WEEKEND'),
(37, 36, '2026-01-11', 'WEEKEND'),
(38, 12, '2026-01-17', 'WEEKEND'),
(39, 38, '2026-01-18', 'WEEKEND'),
(40, 39, '2026-01-14', 'HOLIDAY'),
(41, 13, '2026-01-17', 'WEEKEND'),
(42, 41, '2026-01-18', 'WEEKEND'),
(43, 42, '2026-01-14', 'HOLIDAY'),
(44, 14, '2026-01-24', 'WEEKEND'),
(45, 44, '2026-01-25', 'WEEKEND'),
(46, 15, '2026-01-24', 'WEEKEND'),
(48, 16, '2026-01-31', 'WEEKEND'),
(50, 17, '2026-01-31', 'WEEKEND'),
(52, 18, '2026-02-07', 'WEEKEND'),
(53, 52, '2026-02-08', 'WEEKEND'),
(54, 19, '2026-02-07', 'WEEKEND'),
(56, 20, '2026-02-14', 'WEEKEND'),
(58, 21, '2026-02-14', 'WEEKEND'),
(60, 22, '2026-02-21', 'WEEKEND'),
(62, 23, '2026-02-21', 'WEEKEND'),
(64, 24, '2026-02-28', 'WEEKEND'),
(66, 25, '2026-02-28', 'WEEKEND'),
(68, 26, '2026-03-07', 'WEEKEND'),
(70, 27, '2026-03-07', 'WEEKEND'),
(72, 28, '2026-03-14', 'WEEKEND'),
(74, 29, '2026-03-14', 'WEEKEND'),
(76, 30, '2026-03-21', 'WEEKEND'),
(79, 31, '2026-03-21', 'WEEKEND'),
(82, 32, '2026-03-28', 'WEEKEND'),
(85, 33, '2026-03-28', 'WEEKEND'),
(88, 34, '2025-12-19', 'WEEKEND'),
(90, 35, '2025-12-19', 'WEEKEND'),
(92, 36, '2025-12-26', 'WEEKEND'),
(94, 37, '2025-12-26', 'WEEKEND'),
(96, 38, '2025-10-04', 'WEEKEND'),
(98, 39, '2025-10-11', 'WEEKEND'),
(110, 40, '2025-10-25', 'WEEKEND'),
(124, 41, '2025-10-04', 'WEEKEND'),
(142, 42, '2025-10-04', 'WEEKEND'),
(152, 43, '2025-10-18', 'WEEKEND'),
(160, 44, '2025-10-11', 'WEEKEND'),
(198, 51, '2026-01-03', 'WEEKEND'),
(199, 51, '2026-01-04', 'WEEKEND'),
(200, 51, '2026-01-10', 'WEEKEND'),
(201, 51, '2026-01-01', 'HOLIDAY'),
(202, 52, '2026-01-31', 'WEEKEND'),
(203, 52, '2026-02-01', 'WEEKEND'),
(204, 52, '2026-02-08', 'WEEKEND'),
(205, 52, '2026-02-09', 'WEEKEND'),
(206, 52, '2026-02-15', 'WEEKEND'),
(207, 52, '2026-02-16', 'WEEKEND'),
(208, 52, '2026-02-22', 'WEEKEND'),
(209, 53, '2026-03-14', 'WEEKEND'),
(210, 53, '2026-03-15', 'WEEKEND'),
(211, 53, '2026-03-21', 'WEEKEND');

-- --------------------------------------------------------

--
-- Table structure for table `on_call_lists`
--

DROP TABLE IF EXISTS `on_call_lists`;
CREATE TABLE IF NOT EXISTS `on_call_lists` (
  `id` varchar(50) CHARACTER SET utf8mb4 COLLATE utf8mb4_unicode_ci NOT NULL,
  `department_id` varchar(50) CHARACTER SET utf8mb4 COLLATE utf8mb4_unicode_ci NOT NULL,
  `year` int NOT NULL,
  `period` tinyint NOT NULL,
  `status` enum('PENDING','VALID','INVALID') CHARACTER SET utf8mb4 COLLATE utf8mb4_unicode_ci DEFAULT 'PENDING',
  `incoming_correspondence_file_name` varchar(255) CHARACTER SET utf8mb4 COLLATE utf8mb4_unicode_ci DEFAULT NULL,
  `incoming_correspondence_file_path` varchar(500) CHARACTER SET utf8mb4 COLLATE utf8mb4_unicode_ci DEFAULT NULL,
  `outgoing_correspondence_file_name` varchar(255) CHARACTER SET utf8mb4 COLLATE utf8mb4_unicode_ci DEFAULT NULL,
  `outgoing_correspondence_file_path` varchar(500) CHARACTER SET utf8mb4 COLLATE utf8mb4_unicode_ci DEFAULT NULL,
  `created_at` bigint NOT NULL,
  `incoming_pdf` varchar(500) CHARACTER SET utf8mb4 COLLATE utf8mb4_unicode_ci DEFAULT NULL,
  `incoming_filename` varchar(255) CHARACTER SET utf8mb4 COLLATE utf8mb4_unicode_ci DEFAULT NULL,
  `incoming_date` bigint DEFAULT NULL,
  `outgoing_pdf` varchar(500) CHARACTER SET utf8mb4 COLLATE utf8mb4_unicode_ci DEFAULT NULL,
  `outgoing_filename` varchar(255) CHARACTER SET utf8mb4 COLLATE utf8mb4_unicode_ci DEFAULT NULL,
  `outgoing_date` bigint DEFAULT NULL,
  PRIMARY KEY (`id`),
  KEY `department_id` (`department_id`)
) ENGINE=InnoDB DEFAULT CHARSET=utf8mb4 COLLATE=utf8mb4_unicode_ci;

--
-- Dumping data for table `on_call_lists`
--

INSERT INTO `on_call_lists` (`id`, `department_id`, `year`, `period`, `status`, `incoming_correspondence_file_name`, `incoming_correspondence_file_path`, `outgoing_correspondence_file_name`, `outgoing_correspondence_file_path`, `created_at`, `incoming_pdf`, `incoming_filename`, `incoming_date`, `outgoing_pdf`, `outgoing_filename`, `outgoing_date`) VALUES
('oc4fr819ismoyxxftn', 'deptyj4hrpd4moty76jr', 2025, 4, 'VALID', NULL, NULL, NULL, NULL, 1778367223643, NULL, NULL, NULL, NULL, NULL, NULL),
('oc7tothj4pmoyyb988', 'deptrxxs0lxemoty77kb', 2025, 4, 'VALID', NULL, NULL, NULL, NULL, 1778367868281, NULL, NULL, NULL, NULL, NULL, NULL),
('oc8me8lulpmp31nb9v', 'deptuzltutx4moty77ha', 2026, 1, 'VALID', NULL, NULL, NULL, NULL, 1778615334356, NULL, NULL, NULL, NULL, NULL, NULL),
('occnheg6ifmoyycx3t', 'deptrxxs0lxemoty77kb', 2026, 1, 'VALID', NULL, NULL, NULL, NULL, 1778367945881, NULL, NULL, NULL, NULL, NULL, NULL),
('ocwbap5zh7mozmsy09', 'dept8it63z0fmoty77s4', 2025, 2, 'VALID', NULL, NULL, NULL, NULL, 1778409004329, NULL, NULL, NULL, NULL, NULL, NULL);

-- --------------------------------------------------------

--
-- Table structure for table `on_call_records`
--

DROP TABLE IF EXISTS `on_call_records`;
CREATE TABLE IF NOT EXISTS `on_call_records` (
  `id` int NOT NULL AUTO_INCREMENT,
  `list_id` varchar(50) CHARACTER SET utf8mb4 COLLATE utf8mb4_unicode_ci NOT NULL,
  `employee_id` varchar(50) CHARACTER SET utf8mb4 COLLATE utf8mb4_unicode_ci NOT NULL,
  `days_count` int DEFAULT '0',
  PRIMARY KEY (`id`),
  KEY `list_id` (`list_id`),
  KEY `employee_id` (`employee_id`)
) ENGINE=InnoDB AUTO_INCREMENT=54 DEFAULT CHARSET=utf8mb4 COLLATE=utf8mb4_unicode_ci;

--
-- Dumping data for table `on_call_records`
--

INSERT INTO `on_call_records` (`id`, `list_id`, `employee_id`, `days_count`) VALUES
(4, 'ocwbap5zh7mozmsy09', '1554578', 1),
(5, 'ocwbap5zh7mozmsy09', '769363', 2),
(6, 'ocwbap5zh7mozmsy09', '1554582', 4),
(7, 'ocwbap5zh7mozmsy09', '1554337', 6),
(8, 'occnheg6ifmoyycx3t', '1554819', 3),
(9, 'occnheg6ifmoyycx3t', '1169381', 3),
(10, 'occnheg6ifmoyycx3t', '1813804', 2),
(11, 'occnheg6ifmoyycx3t', '1462114', 2),
(12, 'occnheg6ifmoyycx3t', '1169325', 3),
(13, 'occnheg6ifmoyycx3t', '390443', 3),
(14, 'occnheg6ifmoyycx3t', '1513821', 2),
(15, 'occnheg6ifmoyycx3t', '788935', 2),
(16, 'occnheg6ifmoyycx3t', '1554819', 2),
(17, 'occnheg6ifmoyycx3t', '1169381', 2),
(18, 'occnheg6ifmoyycx3t', '1813804', 2),
(19, 'occnheg6ifmoyycx3t', '1462114', 2),
(20, 'occnheg6ifmoyycx3t', '1169325', 2),
(21, 'occnheg6ifmoyycx3t', '390443', 2),
(22, 'occnheg6ifmoyycx3t', '1513821', 2),
(23, 'occnheg6ifmoyycx3t', '788935', 2),
(24, 'occnheg6ifmoyycx3t', '1554819', 2),
(25, 'occnheg6ifmoyycx3t', '1169381', 2),
(26, 'occnheg6ifmoyycx3t', '1813804', 2),
(27, 'occnheg6ifmoyycx3t', '1462114', 2),
(28, 'occnheg6ifmoyycx3t', '1169325', 2),
(29, 'occnheg6ifmoyycx3t', '390443', 2),
(30, 'occnheg6ifmoyycx3t', '1513821', 3),
(31, 'occnheg6ifmoyycx3t', '788935', 3),
(32, 'occnheg6ifmoyycx3t', '1554819', 3),
(33, 'occnheg6ifmoyycx3t', '1169381', 3),
(34, 'oc7tothj4pmoyyb988', '1554819', 2),
(35, 'oc7tothj4pmoyyb988', '1169381', 2),
(36, 'oc7tothj4pmoyyb988', '1169325', 2),
(37, 'oc7tothj4pmoyyb988', '390443', 2),
(38, 'oc4fr819ismoyxxftn', '0', 2),
(39, 'oc4fr819ismoyxxftn', '835537', 12),
(40, 'oc4fr819ismoyxxftn', '1513967', 14),
(41, 'oc4fr819ismoyxxftn', '782417', 18),
(42, 'oc4fr819ismoyxxftn', '381276', 10),
(43, 'oc4fr819ismoyxxftn', '1555210', 8),
(44, 'oc4fr819ismoyxxftn', '844609', 10),
(51, 'oc8me8lulpmp31nb9v', '1207335', 4),
(52, 'oc8me8lulpmp31nb9v', '1815496', 7),
(53, 'oc8me8lulpmp31nb9v', '1610234', 3);

-- --------------------------------------------------------

--
-- Table structure for table `overtime_lists`
--

DROP TABLE IF EXISTS `overtime_lists`;
CREATE TABLE IF NOT EXISTS `overtime_lists` (
  `id` varchar(50) CHARACTER SET utf8mb4 COLLATE utf8mb4_unicode_ci NOT NULL,
  `department_id` varchar(50) CHARACTER SET utf8mb4 COLLATE utf8mb4_unicode_ci NOT NULL,
  `year` int NOT NULL,
  `period` tinyint NOT NULL COMMENT '1, 2, 3, 4 (Quarter)',
  `status` enum('PENDING','VALID','INVALID') CHARACTER SET utf8mb4 COLLATE utf8mb4_unicode_ci DEFAULT 'PENDING',
  `incoming_correspondence_file_name` varchar(255) CHARACTER SET utf8mb4 COLLATE utf8mb4_unicode_ci DEFAULT NULL,
  `incoming_correspondence_file_path` varchar(500) CHARACTER SET utf8mb4 COLLATE utf8mb4_unicode_ci DEFAULT NULL,
  `outgoing_correspondence_file_name` varchar(255) CHARACTER SET utf8mb4 COLLATE utf8mb4_unicode_ci DEFAULT NULL,
  `outgoing_correspondence_file_path` varchar(500) CHARACTER SET utf8mb4 COLLATE utf8mb4_unicode_ci DEFAULT NULL,
  `created_at` bigint NOT NULL,
  `incoming_pdf` varchar(500) CHARACTER SET utf8mb4 COLLATE utf8mb4_unicode_ci DEFAULT NULL,
  `incoming_filename` varchar(255) CHARACTER SET utf8mb4 COLLATE utf8mb4_unicode_ci DEFAULT NULL,
  `incoming_date` bigint DEFAULT NULL,
  `outgoing_pdf` varchar(500) CHARACTER SET utf8mb4 COLLATE utf8mb4_unicode_ci DEFAULT NULL,
  `outgoing_filename` varchar(255) CHARACTER SET utf8mb4 COLLATE utf8mb4_unicode_ci DEFAULT NULL,
  `outgoing_date` bigint DEFAULT NULL,
  PRIMARY KEY (`id`),
  KEY `department_id` (`department_id`)
) ENGINE=InnoDB DEFAULT CHARSET=utf8mb4 COLLATE=utf8mb4_unicode_ci;

--
-- Dumping data for table `overtime_lists`
--

INSERT INTO `overtime_lists` (`id`, `department_id`, `year`, `period`, `status`, `incoming_correspondence_file_name`, `incoming_correspondence_file_path`, `outgoing_correspondence_file_name`, `outgoing_correspondence_file_path`, `created_at`, `incoming_pdf`, `incoming_filename`, `incoming_date`, `outgoing_pdf`, `outgoing_filename`, `outgoing_date`) VALUES
('otm20ikvmqmp31osxv', 'deptuzltutx4moty77ha', 2026, 1, 'VALID', 'تعزية.pdf', 'C:\\heuresupdpmeknes\\appHS_Final_install env\\uploads\\otm20ikvmqmp31osxv_INCOMING_1778616268870_تعزية.pdf', 'انهاء رهن الاشارة.docx', 'C:\\heuresupdpmeknes\\appHS_Final_install env\\uploads\\otm20ikvmqmp31osxv_OUTGOING_1778616294097_انهاء رهن الاشارة.docx', 1778615403907, NULL, NULL, NULL, NULL, NULL, NULL);

-- --------------------------------------------------------

--
-- Table structure for table `overtime_records`
--

DROP TABLE IF EXISTS `overtime_records`;
CREATE TABLE IF NOT EXISTS `overtime_records` (
  `id` int NOT NULL AUTO_INCREMENT,
  `list_id` varchar(50) CHARACTER SET utf8mb4 COLLATE utf8mb4_unicode_ci NOT NULL,
  `employee_id` varchar(50) CHARACTER SET utf8mb4 COLLATE utf8mb4_unicode_ci NOT NULL,
  `month_1_hours` decimal(10,2) DEFAULT '0.00',
  `month_2_hours` decimal(10,2) DEFAULT '0.00',
  `month_3_hours` decimal(10,2) DEFAULT '0.00',
  `total_hours` decimal(10,2) DEFAULT '0.00',
  `work_done` text CHARACTER SET utf8mb4 COLLATE utf8mb4_unicode_ci,
  PRIMARY KEY (`id`),
  KEY `list_id` (`list_id`),
  KEY `employee_id` (`employee_id`)
) ENGINE=InnoDB AUTO_INCREMENT=53 DEFAULT CHARSET=utf8mb4 COLLATE=utf8mb4_unicode_ci;

--
-- Dumping data for table `overtime_records`
--

INSERT INTO `overtime_records` (`id`, `list_id`, `employee_id`, `month_1_hours`, `month_2_hours`, `month_3_hours`, `total_hours`, `work_done`) VALUES
(40, 'otm20ikvmqmp31osxv', '724575', 0.00, 0.00, 6.00, 6.00, 'ترتيب و تنظيم الملفات التبليغ و التحصيل التي تم نقلها من مركز القاضي المقيم بالحاجب'),
(41, 'otm20ikvmqmp31osxv', '1610308', 0.00, 0.00, 2.50, 2.50, 'حضور جلسات جنحي تلبس المتأخرة مع انجاز ملخصات الاحكام و تحيين الجلسة'),
(42, 'otm20ikvmqmp31osxv', '1611407', 0.00, 0.00, 3.00, 3.00, 'ترتيب و تنظيم الملفات التبليغ و التحصيل التي تم نقلها من مركز القاضي المقيم بالحاجب'),
(43, 'otm20ikvmqmp31osxv', '1555229', 0.00, 0.00, 3.00, 3.00, 'ترتيب و تنظيم الملفات التبليغ و التحصيل التي تم نقلها من مركز القاضي المقيم بالحاجب'),
(44, 'otm20ikvmqmp31osxv', '1555059', 0.00, 0.00, 1.00, 1.00, 'تدبير النظام المعلوماتي'),
(45, 'otm20ikvmqmp31osxv', '2289974', 0.00, 5.00, 3.00, 8.00, 'فتح ملفات الزواج العادي بالنظام المعلوماتي (تصفية)'),
(46, 'otm20ikvmqmp31osxv', '1816104', 0.00, 0.00, 3.00, 3.00, 'تضمين و معالجة البطائق رقم 1 الواردة من ابتدائية مكناس بعد نقل الاختصاص لهذه المحكمة'),
(47, 'otm20ikvmqmp31osxv', '1272289', 7.00, 3.00, 1.00, 11.00, 'فتح و تحيين ملفات العقار و ملفات الزواج العادي (تصفية)'),
(48, 'otm20ikvmqmp31osxv', '1514228', 0.00, 3.00, 0.00, 3.00, 'تحيين الاحكام و فتح ملفات سنة 2025 (تصفية)'),
(49, 'otm20ikvmqmp31osxv', '1514202', 0.00, 3.00, 0.00, 3.00, 'تحيين الاحكام و فتح ملفات سنة 2025 (تصفية)'),
(50, 'otm20ikvmqmp31osxv', '1610980', 0.00, 4.00, 6.00, 10.00, 'اتمام اجراءات شعبة المحجوزات العادية + جرد الملفات المستأنفة'),
(51, 'otm20ikvmqmp31osxv', '2290156', 0.00, 0.00, 3.00, 3.00, 'ترتيب و تنظيم الملفات التبليغ و التحصيل التي تم نقلها من مركز القاضي المقيم بالحاجب'),
(52, 'otm20ikvmqmp31osxv', '1169307', 0.00, 3.00, 8.00, 11.00, 'ترتيب و تنظيم الملفات المدنية و الاسرية التي تم نقلها من مركز القاضي المقيم بالحاجب');

-- --------------------------------------------------------

--
-- Table structure for table `users`
--

DROP TABLE IF EXISTS `users`;
CREATE TABLE IF NOT EXISTS `users` (
  `id` int NOT NULL AUTO_INCREMENT,
  `email` varchar(255) CHARACTER SET utf8mb4 COLLATE utf8mb4_unicode_ci NOT NULL,
  `full_name` varchar(255) CHARACTER SET utf8mb4 COLLATE utf8mb4_unicode_ci DEFAULT NULL,
  `role` enum('ADMIN','USER') CHARACTER SET utf8mb4 COLLATE utf8mb4_unicode_ci DEFAULT 'USER',
  `created_at` timestamp NULL DEFAULT CURRENT_TIMESTAMP,
  PRIMARY KEY (`id`),
  UNIQUE KEY `email` (`email`)
) ENGINE=InnoDB DEFAULT CHARSET=utf8mb4 COLLATE=utf8mb4_unicode_ci;

--
-- Constraints for dumped tables
--

--
-- Constraints for table `employees`
--
ALTER TABLE `employees`
  ADD CONSTRAINT `employees_ibfk_1` FOREIGN KEY (`department_id`) REFERENCES `departments` (`id`) ON UPDATE CASCADE;

--
-- Constraints for table `on_call_dates`
--
ALTER TABLE `on_call_dates`
  ADD CONSTRAINT `on_call_dates_ibfk_1` FOREIGN KEY (`record_id`) REFERENCES `on_call_records` (`id`) ON DELETE CASCADE;
COMMIT;

/*!40101 SET CHARACTER_SET_CLIENT=@OLD_CHARACTER_SET_CLIENT */;
/*!40101 SET CHARACTER_SET_RESULTS=@OLD_CHARACTER_SET_RESULTS */;
/*!40101 SET COLLATION_CONNECTION=@OLD_COLLATION_CONNECTION */;
